state,fy_label,fy_start_date,fy_start_type,signed_date,days_late,budget_enacted,date_precision,enactment_type,source,notes
Alabama,FY2015,2014-10-01,Oct 1,2014-04-11,-173,yes,exact,direct,NASBO Summaries of Fiscal Year 2015 Proposed & Enacted Budgets (nasbo.org),"Backfilled from the NASBO FY2015 enacted-budget narrative. Extracted quote: ""signed the Education Trust Fund Budget on April 11..."""
Alabama,FY2016,2015-10-01,Oct 1,2015-09-17,-14,yes,exact,direct,abc3340.com; ballotpedia; lexology.com,"Bentley signed the $1.76B FY2016 General Fund budget Sep 17, 2015, ending a stalemate that required two special sessions — two weeks before the Oct 1 fiscal year start."
Alabama,FY2017,2016-10-01,Oct 1,2016-04-21,-163,yes,exact,direct,NASBO Summaries of FY17 Proposed & Enacted Budgets (nasbo.org),"Bentley signed the $6.3B Education Trust Fund budget Apr 21, 2016 — largest ETF budget since 2008. AL FY starts Oct 1."
Alabama,FY2018,2017-10-01,Oct 1,2017-05-15,-139,yes,month-level estimate,direct,NASBO Summaries of FY Proposed & Enacted Budgets (nasbo.org),Ivey signed the $6.4B FY2018 Education Trust Fund budget in May 2017; NASBO gives the month only. AL FY starts Oct 1.
Alabama,FY2019,2018-10-01,Oct 1,2018-04-02,-182,yes,exact,direct,NASBO Summaries of FY Proposed & Enacted Budgets (nasbo.org),"Ivey signed the $6.6B FY2019 Education Trust Fund budget Apr 2, 2018 (+$216M over FY2018)."
Alabama,FY2020,2019-10-01,Oct 1,2019-06-15,-108,yes,month-level estimate,direct,NASBO Summaries of FY Proposed & Enacted Budgets (nasbo.org),Ivey signed the $7.1B FY2020 Education Trust Fund budget in June 2019; NASBO gives the month only.
Alabama,FY2021,2020-10-01,Oct 1,2020-05-18,-136,yes,exact,direct,NASBO Summaries of Fiscal Year 2021 Proposed & Enacted Budgets (nasbo.org),"Backfilled from the NASBO FY2021 enacted-budget narrative. Extracted quote: ""On May 18, Alabama Governor Kay Ivey signed..."""
Alabama,FY2022,2021-10-01,Oct 1,2021-05-01,-153,yes,month-level estimate,direct,NASBO Fiscal 2022 summary; aplusala.org 2021-04-29; governor.alabama.gov,"Ivey signed the $7.7B FY2022 Education Trust Fund and $2.5B General Fund budgets. NASBO records only 'in the spring'; the legislature passed the ETF budget in late April 2021 (Senate concurred Apr 29), so signing followed within days. Anchored to early May 2021 — exact day not located. AL FY starts Oct 1."
Alabama,FY2023,2022-10-01,Oct 1,2022-04-14,-170,yes,exact,direct,NASBO Summaries of Fiscal Year 2023 Enacted Budgets (nasbo.org),Ivey signed the $2.7B General Fund budget Apr 7 and the $8.3B Education Trust Fund budget Apr 14; date reflects completion of both. AL FY starts Oct 1.
Alabama,FY2024,2023-10-01,Oct 1,2023-06-01,-122,yes,exact,direct,NASBO FY2024 Enacted Budget Summaries (nasbo.org),Governor Kay Ivey signed the FY2024 General Fund and Education Trust Fund budgets; AL FY starts Oct 1
Alabama,FY2025,2024-10-01,Oct 1,2024-05-15,-139,yes,exact,direct,NASBO FY2025 Enacted Budget Summaries (nasbo.org),Governor Kay Ivey signed the FY2025 General Fund and Education Trust Fund budgets; AL FY starts Oct 1
Alabama,FY2026,2025-10-01,Oct 1,2025-05-05,-149,yes,exact,direct,NASBO FY2026 Enacted; alabamareflector.com,AL FY starts Oct 1; $10B ETF + $3.7B GF
Alabama,FY2027,2026-10-01,Oct 1,2026-04-09,-175,yes,exact,direct,wsfa.com,Signed final day of session
Alaska,FY2015,2014-07-01,Jul 1,2014-05-28,-34,yes,exact,direct,NASBO Summaries of Fiscal Year 2015 Proposed & Enacted Budgets (nasbo.org),"Backfilled from the NASBO FY2015 enacted-budget narrative. Extracted quote: ""signed three budget bills into law on May 28..."""
Alaska,FY2016,2015-07-01,Jul 1,2015-06-29,-2,yes,exact,direct,NASBO Summaries of FY16 Proposed & Enacted Budgets (nasbo.org),"Backfilled from the NASBO FY2016 enacted-budget narrative. Extracted quote: ""signed both the state’s fiscal 2016 operating budget and the..."""
Alaska,FY2017,2016-07-01,Jul 1,2016-06-28,-3,yes,exact,direct,NASBO Summaries of FY17 Proposed & Enacted Budgets (nasbo.org),"Backfilled from the NASBO FY2017 enacted narrative (recovered via PyMuPDF; pypdf could not read this file). Quote: ""signed the state’s f iscal 2017 operating and capital budgets, as well as a special budget..."""
Alaska,FY2018,2017-07-01,Jul 1,2017-06-30,-1,yes,exact,direct,NASBO FY18 Proposed & Enacted Budget Summaries (nasbo.org),"Backfilled from the NASBO FY2018 enacted-budget narrative. Extracted quote: ""signed the state’s fiscal 2018 operating budget bills into l..."""
Alaska,FY2019,2018-07-01,Jul 1,2018-06-13,-18,yes,exact,direct,NASBO Summaries of FY19 Proposed & Enacted Budgets (nasbo.org),"Backfilled from the NASBO FY2019 enacted-budget narrative. Extracted quote: ""signed the state’s fiscal 2019 budget bills into law on June..."""
Alaska,FY2020,2019-07-01,Jul 1,2019-06-28,-3,yes,exact,direct,NASBO FY20 Summary of Proposed & Enacted Budgets (nasbo.org),"Backfilled from the NASBO FY2020 enacted-budget narrative. Extracted quote: ""signed the state’s fiscal 2020 budget into law on June 28..."""
Alaska,FY2021,2020-07-01,Jul 1,2020-04-06,-86,yes,exact,direct,NASBO Summaries of Fiscal Year 2021 Proposed & Enacted Budgets (nasbo.org),"Backfilled from the NASBO FY2021 enacted-budget narrative. Extracted quote: ""signed the state’s fiscal 2021 budget into law on April 6..."""
Alaska,FY2022,2021-07-01,Jul 1,2021-07-01,0,yes,exact,direct,NASBO Fiscal 2022 Proposed & Enacted Budgets Summary (nasbo.org),"Backfilled from the NASBO FY2022 enacted-budget narrative. Extracted quote: ""signed the state’s fiscal 2022 budget into law on July 1..."""
Alaska,FY2023,2022-07-01,Jul 1,2022-06-28,-3,yes,exact,direct,NASBO Summaries of Fiscal Year 2023 Enacted Budgets (nasbo.org),Dunleavy signed with line-item vetoes; $9.6B all funds.
Alaska,FY2024,2023-07-01,Jul 1,2023-06-19,-12,yes,exact,direct,NASBO FY2024 Enacted Budget Summaries (nasbo.org),Dunleavy signed with line-item vetoes
Alaska,FY2025,2024-07-01,Jul 1,2024-06-28,-3,yes,exact,direct,NASBO FY2025 Enacted Budget Summaries (nasbo.org),Dunleavy signed with line-item vetoes
Alaska,FY2026,2025-07-01,Jul 1,2025-06-12,-19,yes,exact,direct,NASBO FY2026 Enacted; gov.alaska.gov,$122M vetoes
Alaska,FY2027,2026-07-01,Jul 1,2026-06-24,-7,yes,exact,direct,gov.alaska.gov; youralaskalink.com,"Dunleavy signed FY2027 budget with expanded support for school infrastructure and energy; $1,000 PFD"
Arizona,FY2015,2014-07-01,Jul 1,2014-04-11,-81,yes,exact,direct,NASBO Summaries of Fiscal Year 2015 Proposed & Enacted Budgets (nasbo.org),"Backfilled from the NASBO FY2015 enacted-budget narrative. Extracted quote: ""signed the fiscal 2015 state budget into law on April 11..."""
Arizona,FY2016,2015-07-01,Jul 1,2015-03-12,-111,yes,exact,direct,NASBO Summaries of FY16 Proposed & Enacted Budgets (nasbo.org),"Backfilled from the NASBO FY2016 enacted-budget narrative. Extracted quote: ""signed the state’s fiscal 2016 budget into law on March 12..."""
Arizona,FY2017,2016-07-01,Jul 1,2016-05-10,-52,yes,exact,direct,NASBO Summaries of FY17 Proposed & Enacted Budgets (nasbo.org),"Ducey signed the FY2017 budget May 10, 2016, bringing the state to positive structural balance for the first time since 2007."
Arizona,FY2018,2017-07-01,Jul 1,2017-05-12,-50,yes,exact,direct,NASBO FY18 Proposed & Enacted Budget Summaries (nasbo.org),"Backfilled from the NASBO FY2018 enacted-budget narrative. Extracted quote: ""signed the state’s fiscal 2018 budget into law on May 12..."""
Arizona,FY2019,2018-07-01,Jul 1,2018-05-03,-59,yes,exact,direct,NASBO Summaries of FY19 Proposed & Enacted Budgets (nasbo.org),"Backfilled from the NASBO FY2019 enacted-budget narrative. Extracted quote: ""signed the state’s fiscal 2019 budget into law on May 3..."""
Arizona,FY2020,2019-07-01,Jul 1,2019-05-31,-31,yes,exact,direct,NASBO FY20 Summary of Proposed & Enacted Budgets (nasbo.org),"Backfilled from the NASBO FY2020 enacted-budget narrative. Extracted quote: ""signed the state’s fiscal 2020 budget into law on May 31..."""
Arizona,FY2021,2020-07-01,Jul 1,2020-03-28,-95,yes,exact,direct,NASBO Summaries of Fiscal Year 2021 Proposed & Enacted Budgets (nasbo.org),"Backfilled from the NASBO FY2021 enacted-budget narrative. Extracted quote: ""signed the state’s fiscal 2021 budget into law on March 28..."""
Arizona,FY2022,2021-07-01,Jul 1,2021-06-30,-1,yes,exact,direct,NASBO Fiscal 2022 Proposed & Enacted Budgets Summary (nasbo.org),"Backfilled from the NASBO FY2022 enacted-budget narrative. Extracted quote: ""signed the state’s fiscal 2022 budget into law on June 30..."""
Arizona,FY2023,2022-07-01,Jul 1,2022-06-28,-3,yes,exact,direct,NASBO Summaries of Fiscal Year 2023 Enacted Budgets (nasbo.org),"Ducey signed; $63.2B all funds, $15.8B general fund."
Arizona,FY2024,2023-07-01,Jul 1,2023-05-11,-51,yes,exact,direct,NASBO FY2024 Enacted Budget Summaries (nasbo.org),
Arizona,FY2025,2024-07-01,Jul 1,2024-06-18,-13,yes,exact,direct,NASBO FY2025 Enacted Budget Summaries (nasbo.org),
Arizona,FY2026,2025-07-01,Jul 1,2025-06-27,-4,yes,exact,direct,NASBO FY2026 Enacted; kawc.org,$17.6B; Hobbs vetoed two prior GOP budgets
Arizona,FY2027,2026-07-01,Jul 1,2026-06-13,-18,yes,exact,direct,azcapitoltimes.com,$18.3B bipartisan
Arkansas,FY2015,2014-07-01,Jul 1,2014-03-15,-108,yes,month-level estimate,direct,NASBO Summaries of Fiscal Year 2015 Proposed & Enacted Budgets (nasbo.org),Beebe signed the $5B FY2015 budget in March 2014; NASBO gives the month only.
Arkansas,FY2016,2015-07-01,Jul 1,2015-04-15,-77,yes,month-level estimate,direct,NASBO Summaries of FY16 Proposed & Enacted Budgets (nasbo.org),Hutchinson signed the $5.2B FY2016 budget in April 2015; NASBO gives the month only.
Arkansas,FY2017,2016-07-01,Jul 1,2016-04-15,-77,yes,month-level estimate,direct,senate.arkansas.gov 2016 fiscal session,Arkansas budgets via the Revenue Stabilization Act in its spring fiscal session. The 2016 fiscal session concluded in April; no exact signing day located.
Arkansas,FY2018,2017-07-01,Jul 1,2017-04-15,-77,yes,month-level estimate,direct,NASBO Summaries of FY Proposed & Enacted Budgets (nasbo.org),Hutchinson signed the $5.5B FY2018 revenue stabilization bill in April 2017; NASBO gives the month only.
Arkansas,FY2019,2018-07-01,Jul 1,2018-03-15,-108,yes,month-level estimate,direct,NASBO Summaries of FY Proposed & Enacted Budgets (nasbo.org),Hutchinson signed the $5.6B FY2019 fiscal-session bill in March 2018; NASBO gives the month only.
Arkansas,FY2020,2019-07-01,Jul 1,2019-04-17,-75,yes,exact,direct,NASBO FY20 Summary of Proposed & Enacted Budgets (nasbo.org),"Backfilled from the NASBO FY2020 enacted-budget narrative. Extracted quote: ""On April 17, Arkansas Governor Asa Hutchinson signed..."""
Arkansas,FY2021,2020-07-01,Jul 1,2020-04-20,-72,yes,exact,direct,NASBO Summaries of Fiscal Year 2021 Proposed & Enacted Budgets (nasbo.org),"Backfilled from the NASBO FY2021 enacted-budget narrative. Extracted quote: ""On April 20, Arkansas Governor Asa Hutchinson signed..."""
Arkansas,FY2022,2021-07-01,Jul 1,2021-04-15,-77,yes,month-level estimate,direct,NASBO Fiscal 2022 summary; senate.arkansas.gov,NASBO records Hutchinson signing the $5.85B FY2022 general revenue budget 'in the spring' of 2021 without a date; anchored to mid-April.
Arkansas,FY2023,2022-07-01,Jul 1,2022-03-15,-108,yes,month-level estimate,direct,senate.arkansas.gov 2022 fiscal session,The 2022 fiscal session completed the Revenue Stabilization Act in March 2022; no exact signing day located.
Arkansas,FY2024,2023-07-01,Jul 1,2023-04-15,-77,yes,month-level estimate,direct,NASBO FY2024 Enacted Budget Summaries (nasbo.org),Sanders signed in April 2023; exact day not stated in NASBO summary
Arkansas,FY2025,2024-07-01,Jul 1,2024-05-03,-59,yes,exact,direct,NASBO FY2025 Enacted Budget Summaries (nasbo.org),$6.3B budget
Arkansas,FY2026,2025-07-01,Jul 1,2025-04-15,-77,yes,month-level estimate,direct,NASBO FY2026 Enacted,"Signed in April per NASBO; $6.5B. Re-checked during audit — NASBO's 'signed in April' held up, estimate appears accurate; exact day still unconfirmed."
Arkansas,FY2027,2026-07-01,Jul 1,2026-04-29,-63,yes,exact,direct,arkansasadvocate.com,$6.7B Revenue Stabilization Act
California,FY2015,2014-07-01,Jul 1,2014-06-20,-11,yes,exact,direct,NASBO Summaries of Fiscal Year 2015 Proposed & Enacted Budgets (nasbo.org),"Brown signed the $156.3B FY2015 budget Jun 20, 2014 after some vetoes."
California,FY2016,2015-07-01,Jul 1,2015-06-24,-7,yes,exact,direct,NASBO Summaries of FY16 Proposed & Enacted Budgets (nasbo.org),"Backfilled from the NASBO FY2016 enacted-budget narrative. Extracted quote: ""On June 24, California Governor Jerry Brown signed..."""
California,FY2017,2016-07-01,Jul 1,2016-06-27,-4,yes,exact,direct,NASBO Summaries of FY17 Proposed & Enacted Budgets (nasbo.org),"Brown signed the $170.9B FY2017 budget Jun 27, 2016 ($122.5B general fund, +6%)."
California,FY2018,2017-07-01,Jul 1,2017-06-27,-4,yes,exact,direct,NASBO FY18 Proposed & Enacted Budget Summaries (nasbo.org),"Backfilled from the NASBO FY2018 enacted-budget narrative. Extracted quote: ""On June 27, California Governor Jerry Brown signed..."""
California,FY2019,2018-07-01,Jul 1,2018-06-27,-4,yes,exact,direct,NASBO Summaries of FY19 Proposed & Enacted Budgets (nasbo.org),"Backfilled from the NASBO FY2019 enacted-budget narrative. Extracted quote: ""On June 27, California Governor Jerry Brown signed..."""
California,FY2020,2019-07-01,Jul 1,2019-06-27,-4,yes,exact,direct,NASBO FY20 Summary of Proposed & Enacted Budgets (nasbo.org),"Backfilled from the NASBO FY2020 enacted-budget narrative. Extracted quote: ""signed the state’s fiscal 2020 budget into law on June 27..."""
California,FY2021,2020-07-01,Jul 1,2020-06-29,-2,yes,exact,direct,NASBO Summaries of Fiscal Year 2021 Proposed & Enacted Budgets (nasbo.org),"Backfilled from the NASBO FY2021 enacted-budget narrative. Extracted quote: ""signed the state’s fiscal 2021 budget into law on June 29..."""
California,FY2022,2021-07-01,Jul 1,2021-07-12,11,yes,exact,direct,NASBO Fiscal 2022 Proposed & Enacted Budgets Summary (nasbo.org),"Backfilled from the NASBO FY2022 enacted-budget narrative. Extracted quote: ""signed legislation comprising the majority of the state’s fi..."""
California,FY2023,2022-07-01,Jul 1,2022-06-30,-1,yes,exact,direct,gov.ca.gov,
California,FY2024,2023-07-01,Jul 1,2023-06-27,-4,yes,exact,direct,gov.ca.gov,
California,FY2025,2024-07-01,Jul 1,2024-06-29,-2,yes,exact,direct,gov.ca.gov,
California,FY2026,2025-07-01,Jul 1,2025-06-27,-4,yes,exact,direct,NASBO FY2026 Enacted; gov.ca.gov,$321.1B
California,FY2027,2026-07-01,Jul 1,2026-06-29,-2,yes,exact,direct,gov.ca.gov,
Colorado,FY2015,2014-07-01,Jul 1,2014-04-30,-62,yes,exact,direct,NASBO Summaries of Fiscal Year 2015 Proposed & Enacted Budgets (nasbo.org),"Backfilled from the NASBO FY2015 enacted-budget narrative. Extracted quote: ""signed the fiscal 2015 state budget on April 30..."""
Colorado,FY2016,2015-07-01,Jul 1,2015-04-24,-68,yes,exact,direct,NASBO Summaries of FY16 Proposed & Enacted Budgets (nasbo.org),"Backfilled from the NASBO FY2016 enacted-budget narrative. Extracted quote: ""signed the state’s fiscal 2016 budget on April 24..."""
Colorado,FY2017,2016-07-01,Jul 1,2016-05-03,-59,yes,exact,direct,NASBO Summaries of FY17 Proposed & Enacted Budgets (nasbo.org),"Backfilled from the NASBO FY2017 enacted narrative (recovered via PyMuPDF; pypdf could not read this file). Quote: ""signed the state’s fiscal 2017 budget on May 3..."""
Colorado,FY2018,2017-07-01,Jul 1,2017-05-26,-36,yes,exact,direct,NASBO Summaries of FY18 Proposed & Enacted Budgets (nasbo.org),"Backfilled from the NASBO FY2018 enacted narrative. Quote: ""signed the state’s fiscal 2018 operating budget on May 26..."""
Colorado,FY2019,2018-07-01,Jul 1,2018-04-30,-62,yes,exact,direct,NASBO Summaries of FY19 Proposed & Enacted Budgets (nasbo.org),"Backfilled from the NASBO FY2019 enacted-budget narrative. Extracted quote: ""signed the state’s fiscal 2019 budget on April 30..."""
Colorado,FY2020,2019-07-01,Jul 1,2019-04-18,-74,yes,exact,direct,NASBO FY20 Summary of Proposed & Enacted Budgets (nasbo.org),"Backfilled from the NASBO FY2020 enacted-budget narrative. Extracted quote: ""signed the state’s fiscal 2020 budget into law on April 18..."""
Colorado,FY2021,2020-07-01,Jul 1,2020-06-22,-9,yes,exact,direct,NASBO Summaries of Fiscal Year 2021 Proposed & Enacted Budgets (nasbo.org),"Backfilled from the NASBO FY2021 enacted-budget narrative. Extracted quote: ""signed the state’s fiscal 2021 budget into law on June 22..."""
Colorado,FY2022,2021-07-01,Jul 1,2021-05-17,-45,yes,exact,direct,NASBO Fiscal 2022 Proposed & Enacted Budgets Summary (nasbo.org),"Backfilled from the NASBO FY2022 enacted-budget narrative. Extracted quote: ""signed the state’s fiscal 2022 budget bill into law on May 1..."""
Colorado,FY2023,2022-07-01,Jul 1,2022-04-25,-67,yes,exact,direct,NASBO Summaries of Fiscal Year 2023 Enacted Budgets (nasbo.org),Polis signed; $39.28B operating appropriations all funds.
Colorado,FY2024,2023-07-01,Jul 1,2023-05-01,-61,yes,exact,direct,NASBO FY2024 Enacted Budget Summaries (nasbo.org),
Colorado,FY2025,2024-07-01,Jul 1,2024-04-29,-63,yes,exact,direct,NASBO FY2025 Enacted Budget Summaries (nasbo.org),
Colorado,FY2026,2025-07-01,Jul 1,2025-04-28,-64,yes,exact,direct,NASBO FY2026 Enacted; coloradonewsline.com,$43.9B
Colorado,FY2027,2026-07-01,Jul 1,2026-05-08,-54,yes,exact,direct,cpr.org; coloradopolitics.com,$46.87B spending plan; closed $1.5B shortfall with Medicaid reimbursement cuts; Polis's last budget as governor
Connecticut,FY2015,2014-07-01,Jul 1,2014-05-29,-33,yes,exact,direct,NASBO Summaries of Fiscal Year 2015 Proposed & Enacted Budgets (nasbo.org),"Backfilled from the NASBO FY2015 enacted-budget narrative. Extracted quote: ""On May 29,  Connecticut Governor Dannel Malloy signed..."""
Connecticut,FY2016,2015-07-01,Jul 1,2015-06-30,-1,yes,exact,direct,ctnewsjunkie.com; ctmirror.org,Biennial FY16-17
Connecticut,FY2017,2016-07-01,Jul 1,2016-07-01,0,yes,exact,direct,NASBO Summaries of FY17 Proposed & Enacted Budgets (nasbo.org),"Backfilled from the NASBO FY2017 enacted narrative (recovered via PyMuPDF; pypdf could not read this file). Quote: ""signed the fiscal 2017 budget on July 1..."""
Connecticut,FY2018,2017-07-01,Jul 1,2017-10-31,122,yes,exact,direct,ctmirror.org 2017-10-31,Biennial FY18-19; executive order governed Jul-Oct
Connecticut,FY2019,2018-07-01,Jul 1,2018-05-15,-47,yes,exact,direct,NASBO Summaries of FY19 Proposed & Enacted Budgets (nasbo.org),"Backfilled from the NASBO FY2019 enacted-budget narrative. Extracted quote: ""signed the fiscal 2019 budget adjustment bill on May 15..."""
Connecticut,FY2020,2019-07-01,Jul 1,2019-06-26,-5,yes,exact,direct,cpajournal.com,Biennial FY20-21; Lamont's first
Connecticut,FY2021,2020-07-01,Jul 1,2019-06-26,-371,yes,exact,biennial carryover,cpajournal.com,Second year of the biennium enacted with FY2020 (signed 2019-06-26). Odd-year-session state: no separate FY2021 enactment.
Connecticut,FY2022,2021-07-01,Jul 1,2021-06-23,-8,yes,exact,direct,portal.ct.gov Bill Notification 2021-19; portal.ct.gov press release,Biennial FY22-23; Lamont signed $46.3B two-year budget. Row was present in original upload but dropped during cleaning; restored after primary-source verification.
Connecticut,FY2023,2022-07-01,Jul 1,2022-05-09,-53,yes,exact,direct,NASBO Summaries of Fiscal Year 2023 Enacted Budgets (nasbo.org),Lamont signed FY2023 budget adjustments to the FY22-23 biennium; $24.2B.
Connecticut,FY2024,2023-07-01,Jul 1,2023-06-12,-19,yes,exact,direct,portal.ct.gov press release 2023-06-12,Biennial FY24-25; Lamont signed
Connecticut,FY2025,2024-07-01,Jul 1,2023-06-12,-385,yes,exact,biennial carryover,portal.ct.gov press release 2023-06-12,Second year of the biennium enacted with FY2024 (signed 2023-06-12). Odd-year-session state: no separate FY2025 enactment.
Connecticut,FY2026,2025-07-01,Jul 1,2025-06-30,-1,yes,exact,direct,portal.ct.gov press release 2025-06-30,Biennial FY26-27; balanced and under spending cap
Connecticut,FY2027,2026-07-01,Jul 1,2026-05-26,-36,yes,exact,direct,portal.ct.gov press release 2026-05-26 (Public Act 26-68),"NOT a carryover: Lamont signed the FY2027 budget adjustment bill (Public Act 26-68) May 26, 2026. Bipartisan; ~$300M Early Childhood Education Endowment, $193M supplemental education grants. Replaces the prior placeholder that duplicated the FY2026 biennial signing."
Delaware,FY2015,2014-07-01,Jul 1,2014-07-01,0,yes,exact,direct,NASBO Summaries of Fiscal Year 2015 Proposed & Enacted Budgets (nasbo.org),"Backfilled from the NASBO FY2015 enacted-budget narrative. Extracted quote: ""On July 1, Delaware Governor Jack Markell signed..."""
Delaware,FY2016,2015-07-01,Jul 1,2015-07-01,0,yes,exact,direct,NASBO Summaries of FY16 Proposed & Enacted Budgets (nasbo.org),"Backfilled from the NASBO FY2016 enacted-budget narrative. Extracted quote: ""On July 1, Delaware Governor Jack Markell signed..."""
Delaware,FY2017,2016-07-01,Jul 1,2016-07-01,0,yes,exact,direct,news.delaware.gov 2016-07-01,"Markell signed the balanced FY2017 budget in the early morning of Jul 1, 2016 — the first day of the fiscal year."
Delaware,FY2018,2017-07-01,Jul 1,2017-07-03,2,yes,exact,direct,NASBO FY18 Proposed & Enacted Budget Summaries (nasbo.org),"Backfilled from the NASBO FY2018 enacted-budget narrative. Extracted quote: ""signed the fiscal 2018 budget on July 3..."""
Delaware,FY2019,2018-07-01,Jul 1,2018-06-28,-3,yes,exact,direct,NASBO Summaries of FY Proposed & Enacted Budgets (nasbo.org),"Carney signed the $4.2B FY2019 budget Jun 28, 2018."
Delaware,FY2020,2019-07-01,Jul 1,2019-06-25,-6,yes,exact,direct,NASBO Summaries of FY Proposed & Enacted Budgets (nasbo.org),"Carney signed the $4.4B FY2020 budget Jun 25, 2019."
Delaware,FY2021,2020-07-01,Jul 1,2020-06-30,-1,yes,exact,direct,NASBO Summaries of Fiscal Year 2021 Proposed & Enacted Budgets (nasbo.org),"Backfilled from the NASBO FY2021 enacted-budget narrative. Extracted quote: ""signed the fiscal 2021 budget on June 30..."""
Delaware,FY2022,2021-07-01,Jul 1,2021-06-30,-1,yes,exact,direct,NASBO Fiscal 2022 Proposed & Enacted Budgets Summary (nasbo.org),"Backfilled from the NASBO FY2022 enacted-budget narrative. Extracted quote: ""signed the fiscal 2022 budget on June 30..."""
Delaware,FY2023,2022-07-01,Jul 1,2022-06-28,-3,yes,exact,direct,NASBO Summaries of Fiscal Year 2023 Enacted Budgets (nasbo.org),"Carney signed a $5.0B general fund operating budget, +6.9%."
Delaware,FY2024,2023-07-01,Jul 1,2023-06-30,-1,yes,exact,direct,NASBO FY2024 Enacted Budget Summaries (nasbo.org),
Delaware,FY2025,2024-07-01,Jul 1,2024-06-30,-1,yes,exact,direct,NASBO FY2025 Enacted Budget Summaries (nasbo.org),
Delaware,FY2026,2025-07-01,Jul 1,2025-06-30,-1,yes,exact,direct,NASBO FY2026 Enacted,$6.5B; Budget Reset growth rate
Delaware,FY2027,2026-07-01,Jul 1,2026-06-30,-1,yes,exact,direct,coastalpoint.com,Meyer signed day before FY start
Florida,FY2015,2014-07-01,Jul 1,2014-06-02,-29,yes,exact,direct,NASBO Summaries of Fiscal Year 2015 Proposed & Enacted Budgets (nasbo.org),"Backfilled from the NASBO FY2015 enacted-budget narrative. Extracted quote: ""On June 2, Florida Governor Rick Scott signed..."""
Florida,FY2016,2015-07-01,Jul 1,2015-06-23,-8,yes,exact,direct,NASBO Summaries of FY16 Proposed & Enacted Budgets (nasbo.org),"Backfilled from the NASBO FY2016 enacted-budget narrative. Extracted quote: ""signed the state’s fiscal 2016 budget on June 23..."""
Florida,FY2017,2016-07-01,Jul 1,2016-03-15,-108,yes,exact,direct,NASBO Summaries of FY17 Proposed & Enacted Budgets (nasbo.org),"Scott signed the $82B FY2017 budget Mar 15, 2016 after vetoing $256.1M."
Florida,FY2018,2017-07-01,Jul 1,2017-06-02,-29,yes,exact,direct,NASBO FY18 Proposed & Enacted Budget Summaries (nasbo.org),"Backfilled from the NASBO FY2018 enacted-budget narrative. Extracted quote: ""On June 2, Florida Governor Rick Scott signed..."""
Florida,FY2019,2018-07-01,Jul 1,2018-03-16,-107,yes,exact,direct,NASBO Summaries of FY19 Proposed & Enacted Budgets (nasbo.org),"Backfilled from the NASBO FY2019 enacted-budget narrative. Extracted quote: ""On March 16, Florida Governor Rick Scott signed..."""
Florida,FY2020,2019-07-01,Jul 1,2019-06-21,-10,yes,exact,direct,NASBO FY20 Summary of Proposed & Enacted Budgets (nasbo.org),"Backfilled from the NASBO FY2020 enacted-budget narrative. Extracted quote: ""On June 21, Florida Governor Ron DeSantis signed..."""
Florida,FY2021,2020-07-01,Jul 1,2020-06-29,-2,yes,exact,direct,NASBO Summaries of Fiscal Year 2021 Proposed & Enacted Budgets (nasbo.org),"Backfilled from the NASBO FY2021 enacted-budget narrative. Extracted quote: ""On June 29, Florida Governor Ron DeSantis signed..."""
Florida,FY2022,2021-07-01,Jul 1,2021-06-02,-29,yes,exact,direct,NASBO Fiscal 2022 Proposed & Enacted Budgets Summary (nasbo.org),"Backfilled from the NASBO FY2022 enacted-budget narrative. Extracted quote: ""On June 2, Florida Governor Ron DeSantis signed..."""
Florida,FY2023,2022-07-01,Jul 1,2022-06-02,-29,yes,exact,direct,floridapolitics.com; flgov.com,"DeSantis signed the $109.9B FY2023 'Freedom First' budget Jun 2, 2022 after $3.1B in line-item vetoes — the largest veto total in state history."
Florida,FY2024,2023-07-01,Jul 1,2023-06-15,-16,yes,exact,direct,NASBO FY2024 Enacted Budget Summaries (nasbo.org),
Florida,FY2025,2024-07-01,Jul 1,2024-06-12,-19,yes,exact,direct,flgov.com,
Florida,FY2026,2025-07-01,Jul 1,2025-06-30,-1,yes,exact,direct,NASBO FY2026 Enacted,$567M in vetoes
Florida,FY2027,2026-07-01,Jul 1,2026-06-29,-2,yes,exact,direct,flgov.com,
Georgia,FY2015,2014-07-01,Jul 1,2014-04-28,-64,yes,exact,direct,NASBO Summaries of Fiscal Year 2015 Proposed & Enacted Budgets (nasbo.org),"Deal signed the $20.8B FY2015 budget Apr 28, 2014."
Georgia,FY2016,2015-07-01,Jul 1,2015-05-11,-51,yes,exact,direct,NASBO Summaries of FY16 Proposed & Enacted Budgets (nasbo.org),"Backfilled from the NASBO FY2016 enacted-budget narrative. Extracted quote: ""On May 11, Georgia Governor Nathan Deal signed..."""
Georgia,FY2017,2016-07-01,Jul 1,2016-05-02,-60,yes,exact,direct,NASBO Summaries of FY17 Proposed & Enacted Budgets (nasbo.org),"Deal signed the $23.7B FY2017 budget May 2, 2016 (+8.7% over original FY2016)."
Georgia,FY2018,2017-07-01,Jul 1,2017-05-01,-61,yes,exact,direct,NASBO FY18 Proposed & Enacted Budget Summaries (nasbo.org),"Backfilled from the NASBO FY2018 enacted-budget narrative. Extracted quote: ""On May 1, Georgia Governor Nathan Deal signed..."""
Georgia,FY2019,2018-07-01,Jul 1,2018-05-02,-60,yes,exact,direct,NASBO Summaries of FY19 Proposed & Enacted Budgets (nasbo.org),"Backfilled from the NASBO FY2019 enacted-budget narrative. Extracted quote: ""On May 2, Georgia Governor Nathan Deal signed..."""
Georgia,FY2020,2019-07-01,Jul 1,2019-05-10,-52,yes,exact,direct,NASBO FY20 Summary of Proposed & Enacted Budgets (nasbo.org),"Backfilled from the NASBO FY2020 enacted-budget narrative. Extracted quote: ""On May 10, Georgia Governor Brian Kemp signed..."""
Georgia,FY2021,2020-07-01,Jul 1,2020-06-30,-1,yes,exact,direct,NASBO Summaries of Fiscal Year 2021 Proposed & Enacted Budgets (nasbo.org),"Backfilled from the NASBO FY2021 enacted-budget narrative. Extracted quote: ""On June 30, Georgia Governor Brian Kemp signed..."""
Georgia,FY2022,2021-07-01,Jul 1,2021-05-10,-52,yes,exact,direct,NASBO Fiscal 2022 Proposed & Enacted Budgets Summary (nasbo.org),"Backfilled from the NASBO FY2022 enacted-budget narrative. Extracted quote: ""On May 10, Georgia Governor Brian Kemp signed..."""
Georgia,FY2023,2022-07-01,Jul 1,2022-05-12,-50,yes,exact,direct,gov.georgia.gov 2022-05-12; capitol-beat.org,"Kemp signed the $30.2B FY2023 budget (HB 911) May 12, 2022 at UNG's Blue Ridge campus, including the final $2,000 of a $5,000 teacher pay raise."
Georgia,FY2024,2023-07-01,Jul 1,2023-05-05,-57,yes,exact,direct,NASBO FY2024 Enacted Budget Summaries (nasbo.org),$61.4B total appropriations
Georgia,FY2025,2024-07-01,Jul 1,2024-05-07,-55,yes,exact,direct,NASBO FY2025 Enacted Budget Summaries (nasbo.org),$66.8B total appropriations
Georgia,FY2026,2025-07-01,Jul 1,2025-05-09,-53,yes,exact,direct,NASBO FY2026 Enacted; gpb.org,$37.7B
Georgia,FY2027,2026-07-01,Jul 1,2026-03-03,-120,yes,exact,direct,atlantanewsfirst.com,
Hawaii,FY2015,2014-07-01,Jul 1,2014-04-15,-77,yes,month-level estimate,direct,NASBO Summaries of Fiscal Year 2015 Proposed & Enacted Budgets (nasbo.org),Hawaii's legislature approved the $12.1B FY2015 budget in April 2014; NASBO gives the month only.
Hawaii,FY2016,2015-07-01,Jul 1,2015-06-12,-19,yes,exact,direct,NASBO Summaries of FY16 Proposed & Enacted Budgets (nasbo.org),"Backfilled from the NASBO FY2016 enacted-budget narrative. Extracted quote: ""On June 12, Hawaii Governor David Ige signed..."""
Hawaii,FY2017,2016-07-01,Jul 1,2016-06-23,-8,yes,exact,direct,NASBO Summaries of FY17 Proposed & Enacted Budgets (nasbo.org),"Backfilled from the NASBO FY2017 enacted narrative (recovered via PyMuPDF; pypdf could not read this file). Quote: ""signed into law a supplemental budget for fiscal 2017 on June 23..."""
Hawaii,FY2018,2017-07-01,Jul 1,2017-06-21,-10,yes,exact,direct,NASBO FY18 Proposed & Enacted Budget Summaries (nasbo.org),"Backfilled from the NASBO FY2018 enacted-budget narrative. Extracted quote: ""signed into law a biennial budget for fiscal 2018-2019 on Ju..."""
Hawaii,FY2019,2018-07-01,Jul 1,2018-06-22,-9,yes,exact,direct,NASBO Summaries of FY19 Proposed & Enacted Budgets (nasbo.org),"Backfilled from the NASBO FY2019 enacted-budget narrative. Extracted quote: ""On June 22, Governor David Ige signed..."""
Hawaii,FY2020,2019-07-01,Jul 1,2019-06-21,-10,yes,exact,direct,NASBO FY20 Summary of Proposed & Enacted Budgets (nasbo.org),"Backfilled from the NASBO FY2020 enacted-budget narrative. Extracted quote: ""signed the state’s fiscal 2020-2021 into law on June 21..."""
Hawaii,FY2021,2020-07-01,Jul 1,2020-07-06,5,yes,exact,direct,NASBO Summaries of Fiscal Year 2021 Proposed & Enacted Budgets (nasbo.org),"Backfilled from the NASBO FY2021 enacted-budget narrative. Extracted quote: ""signed this bill on July 6..."""
Hawaii,FY2022,2021-07-01,Jul 1,2021-06-24,-7,yes,exact,direct,NASBO Fiscal 2022 Proposed & Enacted Budgets Summary (nasbo.org),"Backfilled from the NASBO FY2022 enacted-budget narrative. Extracted quote: ""signed the state’s biennial fiscal 2022-2023 budget into law..."""
Hawaii,FY2023,2022-07-01,Jul 1,2022-07-07,6,yes,exact,direct,NASBO Summaries of Fiscal Year 2023 Enacted Budgets (nasbo.org),Ige signed the supplemental budget for the FY2022-23 biennium; enacted 6 days after FY start.
Hawaii,FY2024,2023-07-01,Jul 1,2023-06-30,-1,yes,exact,direct,NASBO FY2024 Enacted Budget Summaries (nasbo.org),Biennial FY24-25; Green signed with line-item reductions and vetoes
Hawaii,FY2025,2024-07-01,Jul 1,2024-07-09,8,yes,exact,direct,NASBO FY2025 Enacted Budget Summaries (nasbo.org),Biennial FY24-25; supplemental budget to biennium signed by Green
Hawaii,FY2026,2025-07-01,Jul 1,2025-06-30,-1,yes,exact,direct,NASBO FY2026 Enacted,Biennial FY26-27; $110M vetoes
Hawaii,FY2027,2026-07-01,Jul 1,2026-06-26,-5,yes,exact,direct,governor.hawaii.gov; mauinow.com; bigislandvideonews.com,"NOT a carryover: Green signed HB 1800 (Act 175, SLH 2026), the supplemental budget amending Act 250 SLH 2025, on Jun 26, 2026, with an intent-to-veto list. $10.63B general funds for FY2027."
Idaho,FY2015,2014-07-01,Jul 1,2014-03-15,-108,yes,month-level estimate,direct,NASBO Summaries of Fiscal Year 2015 Proposed & Enacted Budgets (nasbo.org),Otter signed the FY2015 budget bills including K-12 in March 2014 (~$2.94B); NASBO gives the month only.
Idaho,FY2016,2015-07-01,Jul 1,2015-04-15,-77,yes,month-level estimate,direct,NASBO Summaries of FY16 Proposed & Enacted Budgets (nasbo.org),Otter signed the FY2016 budget in April 2015 ($7.69B all funds); NASBO gives the month only.
Idaho,FY2017,2016-07-01,Jul 1,2016-03-15,-108,yes,month-level estimate,direct,NASBO Summaries of FY17 Proposed & Enacted Budgets (nasbo.org),Otter signed the FY2017 budget in March 2016; NASBO gives the month only. $3.27B general fund.
Idaho,FY2018,2017-07-01,Jul 1,2017-03-29,-94,yes,month-level estimate,direct,legislature.idaho.gov 2017 session record,"Idaho enacts its budget as a series of agency appropriation bills signed across the session rather than one act. The 2017 session adjourned sine die Mar 29, 2017; anchored there. No single signing date exists."
Idaho,FY2019,2018-07-01,Jul 1,2018-03-28,-95,yes,month-level estimate,direct,legislature.idaho.gov 2018 session record,"Series of agency appropriation bills; 2018 session adjourned sine die Mar 28, 2018. Anchored to sine die — no single signing date exists."
Idaho,FY2020,2019-07-01,Jul 1,2019-04-11,-81,yes,exact,direct,NASBO FY20 Summary of Proposed & Enacted Budgets (nasbo.org),"Backfilled from the NASBO FY2020 enacted-budget narrative. Extracted quote: ""signed the state’s fiscal 2020 budget into law on April 11..."""
Idaho,FY2021,2020-07-01,Jul 1,2020-03-30,-93,yes,exact,direct,NASBO Summaries of Fiscal Year 2021 Proposed & Enacted Budgets (nasbo.org),"Backfilled from the NASBO FY2021 enacted-budget narrative. Extracted quote: ""On March 30, Governor Brad Little signed..."""
Idaho,FY2022,2021-07-01,Jul 1,2021-05-12,-50,yes,month-level estimate,direct,legislature.idaho.gov 2021 session record,"Series of agency appropriation bills; the unusually long 2021 session ran to May 12, 2021. Anchored to sine die."
Idaho,FY2023,2022-07-01,Jul 1,2022-03-31,-92,yes,month-level estimate,direct,legislature.idaho.gov 2022 session record,"Series of agency appropriation bills; 2022 session adjourned Mar 31, 2022. Anchored to sine die."
Idaho,FY2024,2023-07-01,Jul 1,2023-04-06,-86,yes,exact,direct,gov.idaho.gov; nasbo.org,Series of appropriation bills signed ~session end; 45-day session
Idaho,FY2025,2024-07-01,Jul 1,2024-04-10,-82,yes,exact,direct,NASBO FY2025 Enacted,Series of bills; IDAHO WORKS plan; $5.27B GF
Idaho,FY2026,2025-07-01,Jul 1,2025-04-10,-82,yes,exact,direct,NASBO FY2026 Enacted; gov.idaho.gov,Keeping Promises plan; series of budget bills
Idaho,FY2027,2026-07-01,Jul 1,2026-04-02,-90,yes,exact,direct,idahocapitalsun.com,Series of appropriation bills signed around 2026 session adjournment (Apr 2); 5% agency cuts begin FY2027
Illinois,FY2015,2014-07-01,Jul 1,2014-06-30,-1,yes,exact,direct,civicfed.org; illinoispolicy.org,Quinn signed; budget was structurally unbalanced
Illinois,FY2016,2015-07-01,Jul 1,,,no,not enacted,direct,wikipedia Illinois_Budget_Impasse,NO complete budget enacted; 793-day impasse begins
Illinois,FY2017,2016-07-01,Jul 1,2016-06-30,-1,yes,exact,direct,chicagobusiness.com; civicfed.org; wikipedia Illinois_Budget_Impasse,Stopgap budget only - funded through Jan 1 2017
Illinois,FY2018,2017-07-01,Jul 1,2017-07-06,5,yes,exact,direct,civicfed.org; wikipedia,Enacted via veto override Jul 6; ended 793-day impasse
Illinois,FY2019,2018-07-01,Jul 1,2018-06-04,-27,yes,exact,direct,illinois.gov press release 16812; chicago.suntimes.com; civicfed.org,Rauner signed final budget; on time
Illinois,FY2020,2019-07-01,Jul 1,2019-06-05,-26,yes,exact,direct,capitolnewsillinois.com; illinois.gov,"CORRECTED from Jun 21. Pritzker signed the $40.1B FY2020 operating budget (SB 262) Wed Jun 5, 2019 at the Thompson Center; Capitol News Illinois reported it Jun 6. Prior Jun 21 date did not match the operating-budget signing."
Illinois,FY2021,2020-07-01,Jul 1,2020-06-10,-21,yes,exact,direct,illinoispolicy.org; civicfed.org,Signed during COVID
Illinois,FY2022,2021-07-01,Jul 1,2021-06-17,-14,yes,exact,direct,illinois.gov press release 23453; chicago.suntimes.com,$42.3B budget
Illinois,FY2023,2022-07-01,Jul 1,2022-04-19,-73,yes,exact,direct,budget.illinois.gov FY23 press release (fy-23-budget-press-release-4-19-22.pdf); nbcchicago.com,"CORRECTED from Jun 8 — off by ~50 days. Pritzker signed the $46.5B FY2023 budget Apr 19, 2022, over a month before normal adjournment; 2022 session ran early due to the June primary. Included $1.8B election-year tax relief."
Illinois,FY2024,2023-07-01,Jul 1,2023-06-07,-24,yes,exact,direct,budget.illinois.gov FY24 release (6.7.23); abc7chicago.com,Fifth consecutive balanced budget
Illinois,FY2025,2024-07-01,Jul 1,2024-06-05,-26,yes,exact,direct,capitolnewsillinois.com; stlpr.org,Sixth consecutive on-time
Illinois,FY2026,2025-07-01,Jul 1,2025-06-16,-15,yes,exact,direct,gov-pritzker-newsroom.prezly.com; capitolnewsillinois.com; news.wttw.com,"CORRECTED from Jun 4. Pritzker signed the $55.1B FY26 budget package Jun 16, 2025 ('Seventh Consecutive Balanced Budget'). Relied on ~$700M in new taxes."
Illinois,FY2027,2026-07-01,Jul 1,2026-06-16,-15,yes,exact,direct,gov-pritzker-newsroom.prezly.com (Eighth Consecutive Balanced Budget); riverbender.com,"Eighth consecutive balanced budget; $55.9B General Funds, signed Jun 16, 2026. Verified distinct from the FY2026 signing — Illinois signed FY26 and FY27 on Jun 16 of consecutive years."
Indiana,FY2015,2014-07-01,Jul 1,2013-05-15,-412,yes,month-level estimate,biennial carryover,in.gov/sba 2013-2015 as-passed budget; iga.in.gov HEA 1001,"Second year of the FY2014-15 biennium. The General Assembly passed HEA 1001 Apr 26, 2013; Pence signed in May 2013; reporting gives the month only."
Indiana,FY2016,2015-07-01,Jul 1,2015-05-07,-55,yes,exact,direct,NASBO Summaries of FY16 Proposed & Enacted Budgets (nasbo.org),"Backfilled from the NASBO FY2016 enacted-budget narrative. Extracted quote: ""signed the state’s biennium budget on May 7..."""
Indiana,FY2017,2016-07-01,Jul 1,2015-05-07,-421,yes,exact,biennial carryover,NASBO Summaries of FY16 Proposed & Enacted Budgets (nasbo.org),Second year of the biennium enacted with FY2016 (signed 2015-05-07). Odd-year-session state: no separate FY2017 enactment.
Indiana,FY2018,2017-07-01,Jul 1,2017-04-27,-65,yes,exact,direct,NASBO FY18 Proposed & Enacted Budget Summaries (nasbo.org),"Backfilled from the NASBO FY2018 enacted-budget narrative. Extracted quote: ""signed the state’s biennial budget on April 27..."""
Indiana,FY2019,2018-07-01,Jul 1,2017-04-27,-430,yes,exact,biennial carryover,NASBO FY18 Proposed & Enacted Budget Summaries (nasbo.org),Second year of the biennium enacted with FY2018 (signed 2017-04-27). NASBO's FY2019 edition states this state enacted a two-year budget and took no separate FY2019 action.
Indiana,FY2020,2019-07-01,Jul 1,2019-04-29,-63,yes,exact,direct,NASBO FY20 Summary of Proposed & Enacted Budgets (nasbo.org),"Backfilled from the NASBO FY2020 enacted-budget narrative. Extracted quote: ""signed the state’s biennial budget on April 29..."""
Indiana,FY2021,2020-07-01,Jul 1,2019-04-29,-429,yes,exact,biennial carryover,NASBO FY20 Summary of Proposed & Enacted Budgets (nasbo.org),Second year of the biennium enacted with FY2020 (signed 2019-04-29). NASBO's FY2021 edition states this state enacted a two-year budget and took no separate FY2021 action.
Indiana,FY2022,2021-07-01,Jul 1,2021-04-29,-63,yes,exact,direct,NASBO Fiscal 2022 Proposed & Enacted Budgets Summary (nasbo.org),"Backfilled from the NASBO FY2022 enacted-budget narrative. Extracted quote: ""signed the state’s biennial budget on April 29..."""
Indiana,FY2023,2022-07-01,Jul 1,2021-04-29,-428,yes,exact,biennial carryover,NASBO Fiscal 2022 Proposed & Enacted Budgets Summary (nasbo.org),Second year of the biennium enacted with FY2022 (signed 2021-04-29). NASBO's FY2023 edition states this state enacted a two-year budget and took no separate FY2023 action.
Indiana,FY2024,2023-07-01,Jul 1,2023-05-05,-57,yes,exact,direct,NASBO FY2024 Enacted Budget Summaries (nasbo.org),Biennial FY24-25; Holcomb signed
Indiana,FY2025,2024-07-01,Jul 1,2023-05-05,-423,yes,exact,biennial carryover,NASBO FY2024 Enacted Budget Summaries (nasbo.org),Second year of the biennium enacted with FY2024 (signed 2023-05-05). Odd-year-session state: no separate FY2025 enactment.
Indiana,FY2026,2025-07-01,Jul 1,2025-05-06,-56,yes,exact,direct,NASBO FY2026 Enacted; indianacapitalchronicle.com,Biennial 2026-27; $44B; Braun's first
Indiana,FY2027,2026-07-01,Jul 1,2025-05-06,-421,yes,exact,biennial carryover,NASBO FY2026 Enacted; indianacapitalchronicle.com,"Biennial 2026-27; $44B; Braun's first (biennial carryover of the FY2026 enactment, signed 2025-05-06). VERIFIED: 2026 short session took up no new budget or supplemental appropriations; biennial budget enacted 2025 stands."
Iowa,FY2015,2014-07-01,Jul 1,2014-05-29,-33,yes,exact,direct,NASBO Summaries of Fiscal Year 2015 Proposed & Enacted Budgets (nasbo.org),"Backfilled from the NASBO FY2015 enacted-budget narrative. Extracted quote: ""On May 29, Iowa Governor Terry Branstad signed..."""
Iowa,FY2016,2015-07-01,Jul 1,2015-07-02,1,yes,exact,direct,NASBO Summaries of FY16 Proposed & Enacted Budgets (nasbo.org),"Backfilled from the NASBO FY2016 enacted-budget narrative. Extracted quote: ""On July 2, Iowa Governor Terry Branstad finished signing the..."""
Iowa,FY2017,2016-07-01,Jul 1,2016-05-27,-35,yes,exact,direct,NASBO Summaries of FY17 Proposed & Enacted Budgets (nasbo.org),"Branstad finished acting on the spending bills comprising the FY2017 budget May 27, 2016, vetoing no spending items."
Iowa,FY2018,2017-07-01,Jul 1,2017-05-12,-50,yes,exact,direct,NASBO Summaries of FY Proposed & Enacted Budgets (nasbo.org),"Branstad finished acting on the FY2018 spending bills May 12, 2017 after several item vetoes."
Iowa,FY2019,2018-07-01,Jul 1,2018-06-01,-30,yes,exact,direct,NASBO Summaries of FY Proposed & Enacted Budgets (nasbo.org),"Reynolds finished acting on the FY2019 spending bills Jun 1, 2018 after several vetoes."
Iowa,FY2020,2019-07-01,Jul 1,2019-05-22,-40,yes,exact,direct,NASBO Summaries of FY Proposed & Enacted Budgets (nasbo.org),"Reynolds finished acting on the FY2020 spending bills May 22, 2019."
Iowa,FY2021,2020-07-01,Jul 1,2020-06-30,-1,yes,exact,direct,iowacapitaldispatch.com 2020-06-30; thegazette.com,"Reynolds acted on all remaining legislation including the FY2021 spending bills Jun 30, 2020. The COVID-interrupted 2020 session had adjourned Jun 14; $7.779B general fund."
Iowa,FY2022,2021-07-01,Jul 1,2021-06-15,-16,yes,month-level estimate,direct,NASBO Fiscal 2022 Proposed & Enacted Budgets Summary (nasbo.org),Reynolds finished acting on the FY2022 spending bills in June 2021; NASBO gives the month only.
Iowa,FY2023,2022-07-01,Jul 1,2022-06-15,-16,yes,month-level estimate,direct,legis.iowa.gov 2022 session record,Reynolds acts on the package of spending bills after session; the 2022 session adjourned in late May. No exact signing day located; anchored to June.
Iowa,FY2024,2023-07-01,Jul 1,2023-06-01,-30,yes,exact,direct,NASBO FY2024 Enacted Budget Summaries (nasbo.org),Reynolds finished acting on the bills comprising the FY2024 budget
Iowa,FY2025,2024-07-01,Jul 1,2024-05-09,-53,yes,exact,direct,NASBO FY2025 Enacted Budget Summaries (nasbo.org),Reynolds finished acting on the bills comprising the FY2025 budget
Iowa,FY2026,2025-07-01,Jul 1,2025-05-10,-52,yes,exact,direct,governor.iowa.gov; iowafarmbureau.com,Was May 15 estimate (-47d). Budget agreement reached May 8; Reynolds signed ~May 10.
Iowa,FY2027,2026-07-01,Jul 1,2026-06-02,-29,yes,exact,direct,iowacapitaldispatch.com; kcrg.com,"Reynolds signed final bills of 2026 session Jun 1-2; $9.6B budget, 1.4% increase over FY2026"
Kansas,FY2015,2014-07-01,Jul 1,2014-05-16,-46,yes,exact,direct,NASBO Summaries of Fiscal Year 2015 Proposed & Enacted Budgets (nasbo.org),"Backfilled from the NASBO FY2015 enacted-budget narrative. Extracted quote: ""On May 16, Kansas Governor Sam Brownback signed..."""
Kansas,FY2016,2015-07-01,Jul 1,2015-06-16,-15,yes,exact,direct,NASBO Summaries of FY16 Proposed & Enacted Budgets (nasbo.org),"Backfilled from the NASBO FY2016 enacted-budget narrative. Extracted quote: ""signed the budget bill for fiscal 2016 into law on June 16..."""
Kansas,FY2017,2016-07-01,Jul 1,2016-05-18,-44,yes,exact,direct,NASBO Summaries of FY17 Proposed & Enacted Budgets (nasbo.org),"Backfilled from the NASBO FY2017 enacted narrative (recovered via PyMuPDF; pypdf could not read this file). Quote: ""signed into law the state’s fiscal 2017 budget on May 18..."""
Kansas,FY2018,2017-07-01,Jul 1,2017-06-25,-6,yes,exact,direct,NASBO FY18 Proposed & Enacted Budget Summaries (nasbo.org),"Backfilled from the NASBO FY2018 enacted-budget narrative. Extracted quote: ""On June 25, Kansas Governor Sam Brownback signed..."""
Kansas,FY2019,2018-07-01,Jul 1,2018-05-15,-47,yes,exact,direct,NASBO Summaries of FY19 Proposed & Enacted Budgets (nasbo.org),"Backfilled from the NASBO FY2019 enacted-budget narrative. Extracted quote: ""On May 15, Kansas Governor Jeff Colyer signed..."""
Kansas,FY2020,2019-07-01,Jul 1,2019-05-20,-42,yes,exact,direct,NASBO FY20 Summary of Proposed & Enacted Budgets (nasbo.org),"Backfilled from the NASBO FY2020 enacted-budget narrative. Extracted quote: ""signed the state’s budget bill for fiscal 2020 on May 20..."""
Kansas,FY2021,2020-07-01,Jul 1,2020-03-25,-98,yes,exact,direct,NASBO Summaries of Fiscal Year 2021 Proposed & Enacted Budgets (nasbo.org),"Backfilled from the NASBO FY2021 enacted-budget narrative. Extracted quote: ""signed the state’s budget bill for fiscal 2021 on March 25..."""
Kansas,FY2022,2021-07-01,Jul 1,2021-04-26,-66,yes,exact,direct,NASBO Fiscal 2022 Proposed & Enacted Budgets Summary (nasbo.org),"Backfilled from the NASBO FY2022 enacted-budget narrative. Extracted quote: ""signed the state’s budget bill for fiscal 2022 on April 26..."""
Kansas,FY2023,2022-07-01,Jul 1,2022-04-20,-72,yes,exact,direct,NASBO Summaries of Fiscal Year 2023 Enacted Budgets (nasbo.org),Kelly signed; $22.9B all funds.
Kansas,FY2024,2023-07-01,Jul 1,2023-04-21,-71,yes,exact,direct,NASBO FY2024 Enacted Budget Summaries (nasbo.org),
Kansas,FY2025,2024-07-01,Jul 1,2024-04-24,-68,yes,exact,direct,NASBO FY2025 Enacted Budget Summaries (nasbo.org),
Kansas,FY2026,2025-07-01,Jul 1,2025-04-09,-83,yes,exact,direct,governor.ks.gov SB 125,Was May 15 estimate. Kelly signed April 9. Multi-year budget (FY25-28).
Kansas,FY2027,2026-07-01,Jul 1,2026-04-08,-84,yes,exact,direct,governor.ks.gov HB 2513,Kelly called it 'a bad budget that went through a bad process.' Signed anyway. Her last budget as governor.
Kentucky,FY2015,2014-07-01,Jul 1,2014-04-12,-80,yes,exact,direct,apps.legislature.ky.gov 14RS HB 235,"HB 235 (2014-16 biennium) became law Apr 12, 2014; Beshear line-item vetoed several provisions, not overridden."
Kentucky,FY2016,2015-07-01,Jul 1,2014-04-12,-445,yes,exact,biennial carryover,apps.legislature.ky.gov 14RS HB 235,"Second year of the 2014-16 biennium enacted Apr 12, 2014 (HB 235)."
Kentucky,FY2017,2016-07-01,Jul 1,2016-04-27,-65,yes,exact,direct,apps.legislature.ky.gov 16RS HB 303,"Bevin signed the $21B 2016-18 biennial budget (HB 303) Apr 27, 2016."
Kentucky,FY2018,2017-07-01,Jul 1,2016-04-27,-430,yes,exact,biennial carryover,apps.legislature.ky.gov 16RS HB 303,"Second year of the 2016-18 biennium enacted Apr 27, 2016 (HB 303)."
Kentucky,FY2019,2018-07-01,Jul 1,2018-04-13,-79,yes,exact,direct,apps.legislature.ky.gov 18RS HB 200,"HB 200 (2018-20 biennium) enacted Apr 13, 2018 over Bevin's veto — House 66-28, Senate 26-12, amid statewide teacher protests."
Kentucky,FY2020,2019-07-01,Jul 1,2018-04-13,-444,yes,exact,biennial carryover,apps.legislature.ky.gov 18RS HB 200,"Second year of the 2018-20 biennium enacted Apr 13, 2018 via veto override (HB 200)."
Kentucky,FY2021,2020-07-01,Jul 1,2020-04-15,-77,yes,exact,direct,apps.legislature.ky.gov 20RS HB 352 (Acts Ch. 92),"HB 352, a one-year budget adopted because COVID made two-year revenue forecasts unreliable. Line-item vetoed Apr 13, 2020; both chambers overrode Apr 15 (House 57-33, Senate 27-7)."
Kentucky,FY2022,2021-07-01,Jul 1,2021-03-29,-94,yes,exact,direct,apps.legislature.ky.gov 21RS HB 192,"HB 192 enacted Mar 29, 2021 via veto override (House 71-24, Senate 31-7). One-year budget continuing the COVID-era pattern."
Kentucky,FY2023,2022-07-01,Jul 1,2022-04-13,-79,yes,exact,direct,apps.legislature.ky.gov 22RS HB 1 (Acts Ch. 199),"HB 1 (2022-24 biennium) delivered to the governor Mar 30, line-item vetoed Apr 11; most vetoes overridden Apr 13, 2022 (House 73-24, Senate 28-9)."
Kentucky,FY2024,2023-07-01,Jul 1,2022-04-13,-444,yes,exact,biennial carryover,apps.legislature.ky.gov 22RS HB 1 (Acts Ch. 199),"Second year of the 2022-24 biennium enacted Apr 13, 2022 (HB 1)."
Kentucky,FY2025,2024-07-01,Jul 1,2024-04-09,-83,yes,exact,direct,NASBO FY2025 Enacted Budget Summaries (nasbo.org),"Biennial FY25-26; Beshear signed with 23 line-item vetoes, legislature overrode all but one"
Kentucky,FY2026,2025-07-01,Jul 1,2024-04-09,-448,yes,exact,biennial carryover,NASBO FY2025 Enacted Budget Summaries (nasbo.org),Biennial 2025-26; enacted April 2024 (date corrected via NASBO FY2025 Enacted Budget Summaries); carryover
Kentucky,FY2027,2026-07-01,Jul 1,2026-04-15,-77,yes,exact,direct,kentuckylantern.com; lpm.org,Biennial FY27-28; House Bill 500 finalized via veto override Apr 15 after Beshear's line-item vetoes
Louisiana,FY2015,2014-07-01,Jul 1,2014-06-20,-11,yes,exact,direct,theadvocate.com; ballotpedia,"Jindal signed the $24.6B FY2015 operating budget (HB 1) on Friday Jun 20, 2014, striking eight items by line-item veto."
Louisiana,FY2016,2015-07-01,Jul 1,2015-06-19,-12,yes,exact,direct,NASBO Summaries of FY16 Proposed & Enacted Budgets (nasbo.org),"Backfilled from the NASBO FY2016 enacted-budget narrative. Extracted quote: ""signed the state’s fiscal 2016 budget on June 19..."""
Louisiana,FY2017,2016-07-01,Jul 1,2016-06-17,-14,yes,exact,direct,NASBO Summaries of FY17 Proposed & Enacted Budgets (nasbo.org),"Backfilled from the NASBO FY2017 enacted narrative (recovered via PyMuPDF; pypdf could not read this file). Quote: ""on June 17 and signed..."""
Louisiana,FY2018,2017-07-01,Jul 1,2017-06-26,-5,yes,exact,direct,NASBO FY18 Proposed & Enacted Budget Summaries (nasbo.org),"Backfilled from the NASBO FY2018 enacted-budget narrative. Extracted quote: ""On June 26, Louisiana Governor John Bel Edwards signed..."""
Louisiana,FY2019,2018-07-01,Jul 1,2018-06-25,-6,yes,exact,direct,NASBO Summaries of FY19 Proposed & Enacted Budgets (nasbo.org),"Backfilled from the NASBO FY2019 enacted-budget narrative. Extracted quote: ""signed it on June 25..."""
Louisiana,FY2020,2019-07-01,Jul 1,2019-06-18,-13,yes,exact,direct,NASBO FY20 Summary of Proposed & Enacted Budgets (nasbo.org),"Backfilled from the NASBO FY2020 enacted-budget narrative. Extracted quote: ""signed the fiscal 2020 budget on June 18..."""
Louisiana,FY2021,2020-07-01,Jul 1,2020-07-07,6,yes,exact,direct,NASBO Summaries of Fiscal Year 2021 Proposed & Enacted Budgets (nasbo.org),"Backfilled from the NASBO FY2021 enacted-budget narrative. Extracted quote: ""On July 7, Louisiana Governor John Bel Edwards signed..."""
Louisiana,FY2022,2021-07-01,Jul 1,2021-06-10,-21,yes,exact,direct,NASBO Fiscal 2022 Proposed & Enacted Budgets Summary (nasbo.org),"Backfilled from the NASBO FY2022 enacted-budget narrative. Extracted quote: ""signed the state’s fiscal 2022 budget bill on June 10..."""
Louisiana,FY2023,2022-07-01,Jul 1,2022-06-01,-30,yes,exact,direct,NASBO Summaries of Fiscal Year 2023 Enacted Budgets (nasbo.org),Edwards signed after line-item vetoes; $47B all funds.
Louisiana,FY2024,2023-07-01,Jul 1,2023-06-29,-2,yes,exact,direct,NASBO FY2024 Enacted Budget Summaries (nasbo.org),Edwards signed with line-item vetoes
Louisiana,FY2025,2024-07-01,Jul 1,2024-06-19,-12,yes,exact,direct,NASBO FY2025 Enacted Budget Summaries (nasbo.org),Landry's first budget
Louisiana,FY2026,2025-07-01,Jul 1,2025-06-19,-12,yes,exact,direct,pelicanpolicy.org; gov.louisiana.gov,Landry's second; line-item vetoes
Louisiana,FY2027,2026-07-01,Jul 1,2026-06-15,-16,yes,month-level estimate,direct,ksla.com; thecentersquare.com,2026 Regular Session ended Jun 1; HB1 signed within Landry's post-adjournment window; exact day not confirmed
Maine,FY2015,2014-07-01,Jul 1,2013-06-26,-370,yes,exact,biennial carryover,bangordailynews.com; ballotpedia,"Second year of the FY2014-15 biennium. The legislature adopted the budget Jun 13, 2013; LePage vetoed it Jun 24; both chambers overrode Jun 26, 2013 (House 102-43, Senate 25-10), narrowly averting a shutdown."
Maine,FY2016,2015-07-01,Jul 1,2015-06-30,-1,yes,exact,direct,NASBO Summaries of FY16 Proposed & Enacted Budgets (nasbo.org),"Backfilled from the NASBO FY2016 enacted-budget narrative. Extracted quote: ""became law on June 30..."""
Maine,FY2017,2016-07-01,Jul 1,2015-06-30,-367,yes,exact,biennial carryover,NASBO Summaries of FY16 Proposed & Enacted Budgets (nasbo.org),Second year of the biennium enacted with FY2016 (signed 2015-06-30). Odd-year-session state: no separate FY2017 enactment.
Maine,FY2018,2017-07-01,Jul 1,2017-07-04,3,yes,exact,direct,maine.gov treasurer official statement; ballotpedia,"Maine SHUT DOWN. LePage declared a civil emergency Jun 30, 2017 and state government closed Jul 1. The legislature passed the $7.1B FY2018-19 budget early Jul 4 with a two-thirds emergency vote and LePage signed it, ending a 3-day shutdown."
Maine,FY2019,2018-07-01,Jul 1,2017-07-04,-362,yes,exact,biennial carryover,maine.gov treasurer official statement,"Second year of the FY2018-19 biennium, enacted Jul 4, 2017 after the shutdown."
Maine,FY2020,2019-07-01,Jul 1,2019-06-17,-14,yes,exact,direct,NASBO FY20 Summary of Proposed & Enacted Budgets (nasbo.org),"Backfilled from the NASBO FY2020 enacted-budget narrative. Extracted quote: ""signed the fis cal 2020 -2021 budget on June 17..."""
Maine,FY2021,2020-07-01,Jul 1,2019-06-17,-380,yes,exact,biennial carryover,NASBO FY20 Summary of Proposed & Enacted Budgets (nasbo.org),Second year of the biennium enacted with FY2020 (signed 2019-06-17). Odd-year-session state: no separate FY2021 enactment.
Maine,FY2022,2021-07-01,Jul 1,2021-07-01,0,yes,exact,direct,NASBO Fiscal 2022 Proposed & Enacted Budgets Summary (nasbo.org),"Mills signed the $8.5B FY2022-23 biennial budget Jul 1, 2021 — exactly on the fiscal year start."
Maine,FY2023,2022-07-01,Jul 1,2022-04-20,-72,yes,exact,direct,NASBO Summaries of Fiscal Year 2023 Enacted Budgets (nasbo.org),Mills signed the FY2022-23 supplemental budget; $8.67B general fund.
Maine,FY2024,2023-07-01,Jul 1,2023-03-31,-92,yes,exact,direct,NASBO FY2024 Enacted Budget Summaries (nasbo.org),"Biennial FY24-25; Mills signed current services budget Mar 31, then a $445M addition Jul 11"
Maine,FY2025,2024-07-01,Jul 1,2024-04-22,-70,yes,exact,direct,NASBO FY2025 Enacted Budget Summaries (nasbo.org),Biennial FY24-25; supplemental budget signed by Mills
Maine,FY2026,2025-07-01,Jul 1,2025-06-23,-8,yes,exact,direct,maine.gov/governor; mainemorningstar.com,Was June 15 estimate (-16d). Two-stage: baseline $11.3B signed March 2025; supplemental $320M signed June 23. Full budget complete June 23 (-8d).
Maine,FY2027,2026-07-01,Jul 1,2026-04-10,-82,yes,exact,direct,maine.gov/governor; mainepublic.org; wabi.tv,"NOT a carryover: Mills signed the FY2026-27 supplemental budget Fri Apr 10, 2026 at Eastern Maine CC. ~$500M; makes Free Community College permanent, $300 relief checks, 2% millionaire's tax."
Maryland,FY2015,2014-07-01,Jul 1,2014-05-15,-47,yes,exact,direct,NASBO Summaries of Fiscal Year 2015 Proposed & Enacted Budgets (nasbo.org),"Backfilled from the NASBO FY2015 enacted-budget narrative. Extracted quote: ""signed the state’s a pproximately $39 billion fiscal 2015 bu..."""
Maryland,FY2016,2015-07-01,Jul 1,2015-04-13,-79,yes,exact,direct,washingtonpost.com; dbm.maryland.gov FY2016 Fiscal Digest,"The General Assembly passed the FY2016 budget in the closing hours of sine die, Apr 13, 2015; under Maryland practice the budget bill becomes law upon passage without gubernatorial signature."
Maryland,FY2017,2016-07-01,Jul 1,2016-03-29,-94,yes,exact,direct,NASBO Summaries of FY17 Proposed & Enacted Budgets (nasbo.org),"Maryland's legislature approved the FY2017 budget Mar 29, 2016; under state law the budget bill became law upon passage without gubernatorial signature."
Maryland,FY2018,2017-07-01,Jul 1,2017-03-28,-95,yes,exact,direct,NASBO FY18 Proposed & Enacted Budget Summaries (nasbo.org),"Backfilled from the NASBO FY2018 enacted-budget narrative. Extracted quote: ""On March 28, Maryland’s legislature approved..."""
Maryland,FY2019,2018-07-01,Jul 1,2018-03-27,-96,yes,exact,direct,NASBO Summaries of FY19 Proposed & Enacted Budgets (nasbo.org),"Backfilled from the NASBO FY2019 enacted-budget narrative. Extracted quote: ""On March 27, Maryland’s legislature approved..."""
Maryland,FY2020,2019-07-01,Jul 1,2019-03-26,-97,yes,exact,direct,NASBO FY20 Summary of Proposed & Enacted Budgets (nasbo.org),"Backfilled from the NASBO FY2020 enacted-budget narrative. Extracted quote: ""On March 26, Maryland’s legislature approved..."""
Maryland,FY2021,2020-07-01,Jul 1,2020-03-18,-105,yes,exact,direct,NASBO Summaries of Fiscal Year 2021 Proposed & Enacted Budgets (nasbo.org),"Backfilled from the NASBO FY2021 enacted-budget narrative. Extracted quote: ""On March 18, Maryland’s legislature approved..."""
Maryland,FY2022,2021-07-01,Jul 1,2021-05-18,-44,yes,exact,direct,NASBO Fiscal 2022 Proposed & Enacted Budgets Summary (nasbo.org),"Maryland's FY2022 budget was enacted May 18, 2021 ($54.2B all funds)."
Maryland,FY2023,2022-07-01,Jul 1,2022-05-16,-46,yes,exact,direct,NASBO Summaries of Fiscal Year 2023 Enacted Budgets (nasbo.org),FY2023 budget enacted May 16; $61.04B all funds.
Maryland,FY2024,2023-07-01,Jul 1,2023-04-24,-68,yes,exact,direct,NASBO FY2024 Enacted Budget Summaries (nasbo.org),Governor Wes Moore approved the FY2024 budget
Maryland,FY2025,2024-07-01,Jul 1,2024-05-16,-46,yes,exact,direct,NASBO FY2025 Enacted Budget Summaries (nasbo.org),Governor Wes Moore approved the FY2025 budget
Maryland,FY2026,2025-07-01,Jul 1,2025-05-20,-42,yes,exact,direct,NASBO FY2026 Enacted; governor.maryland.gov,$67B
Maryland,FY2027,2026-07-01,Jul 1,2026-04-08,-84,yes,exact,direct,governor.maryland.gov; marylandmatters.org,"Moore signed $70.8B FY2027 budget, closing $1.4B shortfall without new taxes or fees"
Massachusetts,FY2015,2014-07-01,Jul 1,2014-07-11,10,yes,exact,direct,NASBO Summaries of Fiscal Year 2015 Proposed & Enacted Budgets (nasbo.org),"Backfilled from the NASBO FY2015 enacted-budget narrative. Extracted quote: ""On July 11, Massachusetts Governor Deval Patrick signed..."""
Massachusetts,FY2016,2015-07-01,Jul 1,2015-07-17,16,yes,exact,direct,NASBO Summaries of FY16 Proposed & Enacted Budgets (nasbo.org),"Backfilled from the NASBO FY2016 enacted-budget narrative. Extracted quote: ""On July 17, Massachusetts Governor Charlie Baker signed..."""
Massachusetts,FY2017,2016-07-01,Jul 1,2016-07-08,7,yes,exact,direct,NASBO Summaries of FY17 Proposed & Enacted Budgets (nasbo.org),"Baker signed the $38.92B FY2017 budget Jul 8, 2016 — 7 days into the fiscal year."
Massachusetts,FY2018,2017-07-01,Jul 1,2017-07-17,16,yes,exact,direct,NASBO Summaries of FY Proposed & Enacted Budgets (nasbo.org),"Baker signed the $39.4B FY2018 budget Jul 17, 2017 — 16 days into the fiscal year."
Massachusetts,FY2019,2018-07-01,Jul 1,2018-07-26,25,yes,exact,direct,NASBO Summaries of FY Proposed & Enacted Budgets (nasbo.org),"Baker signed the $41.2B FY2019 budget Jul 26, 2018 — 25 days into the fiscal year."
Massachusetts,FY2020,2019-07-01,Jul 1,2019-07-31,30,yes,exact,direct,NASBO Summaries of FY Proposed & Enacted Budgets (nasbo.org),"Baker signed the $43.3B FY2020 budget Jul 31, 2019; the state ran on an interim budget through July."
Massachusetts,FY2021,2020-07-01,Jul 1,2020-12-11,163,yes,exact,direct,mass.gov press release 2020-12-11,"COVID-delayed. The state ran on interim budgets through the fall; Baker signed the $45.9B FY2021 budget Dec 11, 2020 — 163 days into the fiscal year."
Massachusetts,FY2022,2021-07-01,Jul 1,2021-07-16,15,yes,exact,direct,mass.gov budget.digital; mma.org,"Baker signed July 16, 2021."
Massachusetts,FY2023,2022-07-01,Jul 1,2022-07-28,27,yes,exact,direct,mass.gov; multiple news sources,Baker era; consistently late.
Massachusetts,FY2024,2023-07-01,Jul 1,2023-08-09,39,yes,exact,direct,mass.gov press release; wbur.org 2023-08-09; mma.org,
Massachusetts,FY2025,2024-07-01,Jul 1,2024-07-29,28,yes,exact,direct,mass.gov press release; wbur.org 2024-07-29; mma.org,Last of 46 July-1 states per NCSL
Massachusetts,FY2026,2025-07-01,Jul 1,2025-07-04,3,yes,exact,direct,mass.gov press release (FY2026 $60.9B); mma.org,Interim budget bridged gap
Massachusetts,FY2027,2026-07-01,Jul 1,,,no,not enacted,direct,NASBO Jul 2026 blog,NOT ENACTED as of Jul 1; legislature voting week of Jul 1; temp budget in place
Michigan,FY2015,2014-10-01,Oct 1,2014-06-30,-93,yes,exact,direct,NASBO Summaries of Fiscal Year 2015 Proposed & Enacted Budgets (nasbo.org),"Backfilled from the NASBO FY2015 enacted-budget narrative. Extracted quote: ""signed the state’s fiscal 2015 budget on June 30..."""
Michigan,FY2016,2015-10-01,Oct 1,2015-06-17,-106,yes,exact,direct,NASBO Summaries of FY16 Proposed & Enacted Budgets (nasbo.org),"Backfilled from the NASBO FY2016 enacted-budget narrative. Extracted quote: ""signed the state’s fiscal 2016 budget on June 17..."""
Michigan,FY2017,2016-10-01,Oct 1,2016-06-29,-94,yes,exact,direct,NASBO Summaries of FY17 Proposed & Enacted Budgets (nasbo.org),"Snyder completed signing the FY2017 budget Jun 29, 2016. MI FY starts Oct 1, so enacted well ahead of FY start."
Michigan,FY2018,2017-10-01,Oct 1,2017-07-14,-79,yes,exact,direct,NASBO FY18 Proposed & Enacted Budget Summaries (nasbo.org),"Backfilled from the NASBO FY2018 enacted-budget narrative. Extracted quote: ""signed the state’s fiscal 2018 budget into law on July 14..."""
Michigan,FY2019,2018-10-01,Oct 1,2018-06-21,-102,yes,exact,direct,NASBO Summaries of FY19 Proposed & Enacted Budgets (nasbo.org),"Backfilled from the NASBO FY2019 enacted-budget narrative. Extracted quote: ""signed the state’s fiscal 2019 budget into law on June 21..."""
Michigan,FY2020,2019-10-01,Oct 1,2019-09-30,-1,yes,exact,direct,michigan.gov/whitmer; bridgemi.com; crainsdetroit.com,"Whitmer signed all 16 FY2020 budget bills at 7pm Sep 30, 2019 — five hours before the Oct 1 fiscal year start — using 147 line-item vetoes to cut $947M, averting a shutdown."
Michigan,FY2021,2020-10-01,Oct 1,2020-09-30,-1,yes,exact,direct,michigan.gov/whitmer press release 2020-09-30,"Whitmer signed the FY2021 budget Sep 30, 2020, one day before Michigan's Oct 1 fiscal year start, despite the pandemic."
Michigan,FY2022,2021-10-01,Oct 1,2021-07-13,-80,yes,exact,direct,NASBO Fiscal 2022 Proposed & Enacted Budgets Summary (nasbo.org),"Backfilled from the NASBO FY2022 enacted-budget narrative. Extracted quote: ""on July 13, Michigan Governor Gretchen Whitmer signed..."""
Michigan,FY2023,2022-10-01,Oct 1,2022-07-14,-79,yes,exact,direct,NASBO Summaries of FY2023 Proposed & Enacted Budgets (nasbo.org),"Backfilled from the NASBO FY2023 enacted narrative. Quote: ""signed the state’s education budget on July 14..."""
Michigan,FY2024,2023-10-01,Oct 1,2023-07-31,-62,yes,exact,direct,michigan.gov/whitmer,MI FY starts Oct 1
Michigan,FY2025,2024-10-01,Oct 1,2024-07-24,-69,yes,exact,direct,michigan.gov/whitmer,
Michigan,FY2026,2025-10-01,Oct 1,2025-10-07,6,yes,exact,direct,bridgemi.com,Continuation budget Oct 1; full budget signed ~Oct 7
Michigan,FY2027,2026-10-01,Oct 1,,,no,not enacted,direct,NASBO Jul 2026 blog,MI FY starts Oct 1; not technically late yet but legislature hasn't finalized
Minnesota,FY2015,2014-07-01,Jul 1,2014-05-20,-42,yes,exact,direct,NASBO Summaries of Fiscal Year 2015 Proposed & Enacted Budgets (nasbo.org),"Backfilled from the NASBO FY2015 enacted-budget narrative. Extracted quote: ""signed into law the state’s fiscal 2014-2015 supplemental bu..."""
Minnesota,FY2016,2015-07-01,Jul 1,2015-06-13,-18,yes,exact,direct,NASBO Summaries of FY16 Proposed & Enacted Budgets (nasbo.org),"Backfilled from the NASBO FY2016 enacted-budget narrative. Extracted quote: ""On June 13, Minnesota Governor Mark Dayton signed..."""
Minnesota,FY2017,2016-07-01,Jul 1,2016-06-01,-30,yes,exact,direct,NASBO Summaries of FY17 Proposed & Enacted Budgets (nasbo.org),"Backfilled from the NASBO FY2017 enacted narrative. Quote: ""signed a supplemental spending bill for the fiscal 2016 -2017 biennium on June 1..."""
Minnesota,FY2018,2017-07-01,Jul 1,2017-05-30,-32,yes,exact,direct,NASBO FY18 Proposed & Enacted Budget Summaries (nasbo.org),"Backfilled from the NASBO FY2018 enacted-budget narrative. Extracted quote: ""On May 30, Minnesota Governor Mark Dayton signed..."""
Minnesota,FY2019,2018-07-01,Jul 1,2017-05-30,-397,yes,exact,biennial carryover,NASBO FY18 Proposed & Enacted Budget Summaries (nasbo.org),Second year of the biennium enacted with FY2018 (signed 2017-05-30). Odd-year-session state: no separate FY2019 enactment.
Minnesota,FY2020,2019-07-01,Jul 1,2019-05-31,-31,yes,exact,direct,NASBO FY20 Summary of Proposed & Enacted Budgets (nasbo.org),"Backfilled from the NASBO FY2020 enacted-budget narrative. Extracted quote: ""On May 31, Minnesota Governor Tim Walz signed..."""
Minnesota,FY2021,2020-07-01,Jul 1,2019-05-31,-397,yes,exact,biennial carryover,NASBO FY20 Summary of Proposed & Enacted Budgets (nasbo.org),Second year of the biennium enacted with FY2020 (signed 2019-05-31). Odd-year-session state: no separate FY2021 enactment.
Minnesota,FY2022,2021-07-01,Jul 1,2021-06-30,-1,yes,exact,direct,NASBO Fiscal 2022 Proposed & Enacted Budgets Summary (nasbo.org),"Walz completed signing the FY2022-23 biennial budget bills Jun 30, 2021, one day before FY start."
Minnesota,FY2023,2022-07-01,Jul 1,2021-06-30,-366,yes,exact,biennial carryover,NASBO Fiscal 2022 Proposed & Enacted Budgets Summary (nasbo.org),Second year of the biennium enacted with FY2022 (signed 2021-06-30). Odd-year-session state: no separate FY2023 enactment.
Minnesota,FY2024,2023-07-01,Jul 1,2023-05-24,-38,yes,exact,direct,mn.gov/governor,Biennial 2024-25; $70.6B
Minnesota,FY2025,2024-07-01,Jul 1,2023-05-24,-404,yes,exact,biennial carryover,mn.gov/governor,Second year of the biennium enacted with FY2024 (signed 2023-05-24). Odd-year-session state: no separate FY2025 enactment.
Minnesota,FY2026,2025-07-01,Jul 1,2025-06-01,-30,yes,exact,direct,mn.gov/mmb; house.mn.gov,Was June 15 estimate (-16d). Budget targets agreed May 15; enacted 'in May and June 2025' per MMB. Bipartisan — House split 67-67.
Minnesota,FY2027,2026-07-01,Jul 1,2026-05-27,-35,yes,month-level estimate,direct,house.mn.gov Session Daily; minnpost.com; forvismazars.us,"NOT a carryover: Walz and legislative leaders struck an end-of-session supplemental deal May 13, 2026 (~$660M HCMC stabilization, $1.2B bonding, property tax refunds); session adjourned ~May 18 and HF2438 was signed May 27, 2026. Anchored to late May — exact signing day of the appropriations bills unconfirmed."
Mississippi,FY2015,2014-07-01,Jul 1,2014-04-15,-77,yes,month-level estimate,direct,NASBO Summaries of Fiscal Year 2015 Proposed & Enacted Budgets (nasbo.org),Bryant signed the legislation comprising the $6.1B FY2015 budget in April 2014; NASBO gives the month only.
Mississippi,FY2016,2015-07-01,Jul 1,2015-04-15,-77,yes,month-level estimate,direct,NASBO Summaries of FY16 Proposed & Enacted Budgets (nasbo.org),Mississippi finalized its FY2016 budget in April 2015; NASBO gives the month only.
Mississippi,FY2017,2016-07-01,Jul 1,2016-04-15,-77,yes,month-level estimate,direct,NASBO Summaries of FY17 Proposed & Enacted Budgets (nasbo.org),Mississippi finalized its FY2017 budget in April 2016 ($5.8B general fund); NASBO gives the month only.
Mississippi,FY2018,2017-07-01,Jul 1,2017-06-15,-16,yes,month-level estimate,direct,NASBO Summaries of FY Proposed & Enacted Budgets (nasbo.org),Mississippi finalized its FY2018 budget in June 2017 during a special session; NASBO gives the month only.
Mississippi,FY2019,2018-07-01,Jul 1,2018-03-15,-108,yes,month-level estimate,direct,NASBO Summaries of FY Proposed & Enacted Budgets (nasbo.org),Mississippi finalized its FY2019 budget in March 2018; NASBO gives the month only.
Mississippi,FY2020,2019-07-01,Jul 1,2019-03-15,-108,yes,month-level estimate,direct,NASBO Summaries of FY Proposed & Enacted Budgets (nasbo.org),Mississippi finalized its FY2020 budget in March 2019; NASBO gives the month only.
Mississippi,FY2021,2020-07-01,Jul 1,2020-06-15,-16,yes,month-level estimate,direct,lbo.ms.gov 2020 session budget summary,Mississippi's 2020 session was suspended for COVID and resumed in May-June to set the FY2021 budget. No exact signing day located; anchored to June 2020.
Mississippi,FY2022,2021-07-01,Jul 1,2021-03-15,-108,yes,month-level estimate,direct,NASBO Fiscal 2022 Proposed & Enacted Budgets Summary (nasbo.org),Mississippi finalized its FY2022 budget in March 2021; NASBO gives the month only.
Mississippi,FY2023,2022-07-01,Jul 1,2022-04-15,-77,yes,month-level estimate,direct,NASBO Summaries of Fiscal Year 2023 Enacted Budgets (nasbo.org),Mississippi finalized its FY2023 budget in April 2022 ($7.3B state support funds); NASBO gives the month only.
Mississippi,FY2024,2023-07-01,Jul 1,2023-04-15,-77,yes,month-level estimate,direct,NASBO FY2024 Enacted Budget Summaries (nasbo.org),"2023 session; per LBO the Legislature appropriated $6.66B in general funds. Session ran to May 11, 2023. Apr 15 estimate UNVERIFIED and possibly early — flagged for follow-up; exact signing day not found."
Mississippi,FY2025,2024-07-01,Jul 1,2024-05-15,-47,yes,month-level estimate,direct,NASBO FY2025 Enacted Budget Summaries (nasbo.org),"Legislature passed the ~$7.9B FY2025 budget Fri May 3, 2024 (session gaveled out May 4). Signing followed; exact day unconfirmed — May 15 retained as a mid-month estimate after passage."
Mississippi,FY2026,2025-07-01,Jul 1,2025-06-19,-12,yes,exact,direct,mississippitoday.org; mpbonline.org,"CORRECTED: Was April 15 estimate (-77 days). Actually June 19 (-12 days) — required special session after regular session adjourned without passing any budget bills (first time since 2009). GOP infighting over tax cuts and capital projects. Governor called special session May 28. Senate finished May 29, House worked past midnight. Signed June 19-20 with vetoes. Nearly missed July 1 deadline."
Mississippi,FY2027,2026-07-01,Jul 1,2026-04-15,-77,yes,month-level estimate,direct,mississippitoday.org,2026 session concluded ~Apr 3 with $7.36B budget; exact signing day not confirmed
Missouri,FY2015,2014-07-01,Jul 1,2014-06-24,-7,yes,exact,direct,NASBO Summaries of Fiscal Year 2015 Proposed & Enacted Budgets (nasbo.org),"Backfilled from the NASBO FY2015 enacted-budget narrative. Extracted quote: ""On June 24, Missouri Governor Jay Nixon signed..."""
Missouri,FY2016,2015-07-01,Jul 1,2015-05-08,-54,yes,exact,direct,NASBO Summaries of FY16 Proposed & Enacted Budgets (nasbo.org),"Backfilled from the NASBO FY2016 enacted-budget narrative. Extracted quote: ""On May 8, Missouri Governor Jay Nixon signed..."""
Missouri,FY2017,2016-07-01,Jul 1,2016-05-06,-56,yes,exact,direct,NASBO Summaries of FY17 Proposed & Enacted Budgets (nasbo.org),"Backfilled from the NASBO FY2017 enacted narrative (recovered via PyMuPDF; pypdf could not read this file). Quote: ""On May 6, Missouri Governor Jay Nixon signed..."""
Missouri,FY2018,2017-07-01,Jul 1,2017-06-30,-1,yes,exact,direct,NASBO FY18 Proposed & Enacted Budget Summaries (nasbo.org),"Backfilled from the NASBO FY2018 enacted-budget narrative. Extracted quote: ""On June 30, Missouri Governor Eric Greitens signed..."""
Missouri,FY2019,2018-07-01,Jul 1,2018-06-29,-2,yes,exact,direct,NASBO Summaries of FY19 Proposed & Enacted Budgets (nasbo.org),"Backfilled from the NASBO FY2019 enacted-budget narrative. Extracted quote: ""signed the bills that comprise the fiscal 2019 budget on Jun..."""
Missouri,FY2020,2019-07-01,Jul 1,2019-06-10,-21,yes,exact,direct,NASBO Summaries of FY Proposed & Enacted Budgets (nasbo.org),"Parson completed signing the 19 bills comprising the $30.0B FY2020 budget Jun 10, 2019."
Missouri,FY2021,2020-07-01,Jul 1,2020-06-30,-1,yes,exact,direct,themissouritimes.com; governor.mo.gov,"Parson signed the FY2021 budget bills Jun 30, 2020 (~$35.3B total, $10B general revenue)."
Missouri,FY2022,2021-07-01,Jul 1,2021-06-30,-1,yes,exact,direct,NASBO Fiscal 2022 Proposed & Enacted Budgets Summary (nasbo.org),"Parson completed signing the 19 bills comprising the FY2022 budget Jun 30, 2021."
Missouri,FY2023,2022-07-01,Jul 1,2022-06-30,-1,yes,exact,direct,news.mobar.org; missouriindependent.com,"Parson signed the FY2023 operating budget Jun 30, 2022 with 32 line-item vetoes totalling ~$644M."
Missouri,FY2024,2023-07-01,Jul 1,2023-06-30,-1,yes,exact,direct,NASBO FY2024 Enacted Budget Summaries (nasbo.org),Parson completed signing 20 bills; 201 line-item vetoes
Missouri,FY2025,2024-07-01,Jul 1,2024-06-28,-3,yes,exact,direct,NASBO FY2025 Enacted Budget Summaries (nasbo.org),Parson completed signing 20 bills; 173 line-item vetoes
Missouri,FY2026,2025-07-01,Jul 1,2025-06-30,-1,yes,exact,direct,NASBO FY2026 Enacted; governor.mo.gov,208 vetoes
Missouri,FY2027,2026-07-01,Jul 1,2026-07-01,0,yes,exact,direct,kctv5.com,$50.7B; signed on FY start date
Montana,FY2015,2014-07-01,Jul 1,2013-05-15,-412,yes,month-level estimate,biennial carryover,mtstandard.com; archive.legmt.gov HB 2,"Second year of the FY2014-15 biennium. Legislature adjourned Apr 24, 2013; Bullock signed the major spending bills including HB 2 (General Appropriations Act of 2013) in May 2013; reporting gives the month only."
Montana,FY2016,2015-07-01,Jul 1,2015-05-05,-57,yes,exact,direct,NASBO Summaries of FY16 Proposed & Enacted Budgets (nasbo.org),"Backfilled from the NASBO FY2016 enacted-budget narrative. Extracted quote: ""signed the state’s new biennium budget into law on May 5..."""
Montana,FY2017,2016-07-01,Jul 1,2015-05-05,-423,yes,exact,biennial carryover,NASBO Summaries of FY16 Proposed & Enacted Budgets (nasbo.org),Second year of the biennium enacted with FY2016 (signed 2015-05-05). Odd-year-session state: no separate FY2017 enactment.
Montana,FY2018,2017-07-01,Jul 1,2017-05-09,-53,yes,exact,direct,NASBO FY18 Proposed & Enacted Budget Summaries (nasbo.org),"Backfilled from the NASBO FY2018 enacted-budget narrative. Extracted quote: ""signed the state’s fiscal 2018-2019 biennial budget into law..."""
Montana,FY2019,2018-07-01,Jul 1,2017-05-09,-418,yes,exact,biennial carryover,NASBO FY18 Proposed & Enacted Budget Summaries (nasbo.org),Second year of the biennium enacted with FY2018 (signed 2017-05-09). NASBO's FY2019 edition states this state enacted a two-year budget and took no separate FY2019 action.
Montana,FY2020,2019-07-01,Jul 1,2019-05-13,-49,yes,exact,direct,NASBO FY20 Summary of Proposed & Enacted Budgets (nasbo.org),"Backfilled from the NASBO FY2020 enacted-budget narrative. Extracted quote: ""signed the state’s fiscal 2020 -2021 budget into law on May..."""
Montana,FY2021,2020-07-01,Jul 1,2019-05-13,-415,yes,exact,biennial carryover,NASBO FY20 Summary of Proposed & Enacted Budgets (nasbo.org),Second year of the biennium enacted with FY2020 (signed 2019-05-13). NASBO's FY2021 edition states this state enacted a two-year budget and took no separate FY2021 action.
Montana,FY2022,2021-07-01,Jul 1,2021-05-20,-42,yes,exact,direct,NASBO Fiscal 2022 Proposed & Enacted Budgets Summary (nasbo.org),"Backfilled from the NASBO FY2022 enacted-budget narrative. Extracted quote: ""signed the state’s budget for the fiscal 2022-2023 biennium..."""
Montana,FY2023,2022-07-01,Jul 1,2021-05-20,-407,yes,exact,biennial carryover,NASBO Fiscal 2022 Proposed & Enacted Budgets Summary (nasbo.org),Second year of the biennium enacted with FY2022 (signed 2021-05-20). NASBO's FY2023 edition states this state enacted a two-year budget and took no separate FY2023 action.
Montana,FY2024,2023-07-01,Jul 1,2023-06-14,-17,yes,exact,direct,NASBO FY2024 Enacted Budget Summaries (nasbo.org),Biennial FY24-25; Gianforte signed
Montana,FY2025,2024-07-01,Jul 1,2023-06-14,-383,yes,exact,biennial carryover,NASBO FY2024 Enacted Budget Summaries (nasbo.org),Second year of the biennium enacted with FY2024 (signed 2023-06-14). Odd-year-session state: no separate FY2025 enactment.
Montana,FY2026,2025-07-01,Jul 1,2025-06-20,-11,yes,exact,direct,dailymontanan.com; montanafreepress.org; mtpr.org,"Was May 15 estimate (-47 days). Actually June 20 (-11 days) — wrong direction, estimated too early. Legislature adjourned May 7 but Gianforte took 6 weeks to sign. Vetoed $381M total ($31M line-item from HB2 + $350M in individual bills). Intra-GOP friction even in R trifecta."
Montana,FY2027,2026-07-01,Jul 1,2025-06-20,-376,yes,exact,biennial carryover,dailymontanan.com; montanafreepress.org; mtpr.org,"Was May 15 estimate (-47 days). Actually June 20 (-11 days) — wrong direction, estimated too early. Legislature adjourned May 7 but Gianforte took 6 weeks to sign. Vetoed $381M total ($31M line-item from HB2 + $350M in individual bills). Intra-GOP friction even in R trifecta (biennial carryover of the FY2026 enactment, signed 2025-06-20). VERIFIED: Legislature meets only in odd-numbered years; no 2026 session, so no FY2027 adjustment possible."
Nebraska,FY2015,2014-07-01,Jul 1,2014-03-29,-94,yes,exact,direct,NASBO Summaries of Fiscal Year 2015 Proposed & Enacted Budgets (nasbo.org),"Heineman signed a $7.8B mid-biennium budget adjustment Mar 29, 2014."
Nebraska,FY2016,2015-07-01,Jul 1,2015-05-15,-47,yes,month-level estimate,direct,NASBO Summaries of FY16 Proposed & Enacted Budgets (nasbo.org),Ricketts signed Nebraska's FY2016-17 biennial budget in May 2015; NASBO gives the month only.
Nebraska,FY2017,2016-07-01,Jul 1,2016-03-31,-92,yes,exact,direct,NASBO Summaries of FY17 Proposed & Enacted Budgets (nasbo.org),"Backfilled from the NASBO FY2017 enacted narrative (recovered via PyMuPDF; pypdf could not read this file). Quote: ""signed the state’s mid -biennium budget adjustments without any vetoes on March 31..."""
Nebraska,FY2018,2017-07-01,Jul 1,2017-05-15,-47,yes,exact,direct,NASBO FY18 Proposed & Enacted Budget Summaries (nasbo.org),"Backfilled from the NASBO FY2018 enacted-budget narrative. Extracted quote: ""On May 15, Nebraska Governor Pete Ricketts signed..."""
Nebraska,FY2019,2018-07-01,Jul 1,2018-04-04,-88,yes,exact,direct,NASBO Summaries of FY19 Proposed & Enacted Budgets (nasbo.org),"Backfilled from the NASBO FY2019 enacted-budget narrative. Extracted quote: ""signed a mid-biennium budget adjustment bill on April 4..."""
Nebraska,FY2020,2019-07-01,Jul 1,2019-05-27,-35,yes,exact,direct,NASBO FY20 Summary of Proposed & Enacted Budgets (nasbo.org),"Backfilled from the NASBO FY2020 enacted-budget narrative. Extracted quote: ""signed the state’s fiscal 2020 -2021 biennial budget on May..."""
Nebraska,FY2021,2020-07-01,Jul 1,2020-08-07,37,yes,exact,direct,NASBO Summaries of Fiscal Year 2021 Proposed & Enacted Budgets (nasbo.org),"Backfilled from the NASBO FY2021 enacted-budget narrative. Extracted quote: ""signed a mid-biennium adjustment bill on August 7..."""
Nebraska,FY2022,2021-07-01,Jul 1,2021-04-26,-66,yes,exact,direct,NASBO Fiscal 2022 Proposed & Enacted Budgets Summary (nasbo.org),"Backfilled from the NASBO FY2022 enacted-budget narrative. Extracted quote: ""signed the state’s fiscal 2022-2023 biennial budget on April..."""
Nebraska,FY2023,2022-07-01,Jul 1,2022-04-04,-88,yes,exact,direct,NASBO Summaries of Fiscal Year 2023 Enacted Budgets (nasbo.org),Ricketts signed a mid-biennium adjustment bill raising FY22-23 General Fund appropriations to $5.13B.
Nebraska,FY2024,2023-07-01,Jul 1,2023-05-24,-38,yes,exact,direct,NASBO FY2024 Enacted Budget Summaries (nasbo.org),Biennial FY24-25; Pillen signed
Nebraska,FY2025,2024-07-01,Jul 1,2024-04-02,-90,yes,exact,direct,NASBO FY2025 Enacted Budget Summaries (nasbo.org),Biennial FY24-25; Pillen signed mid-biennium adjustment to 2023-enacted budget
Nebraska,FY2026,2025-07-01,Jul 1,2025-06-05,-26,yes,exact,direct,NASBO FY2026 Enacted,"Biennial; unicameral; enacted ~June 2025; Pillen. April 15 estimate re-checked during audit, confirmed reasonable — $627M deficit to solve."
Nebraska,FY2027,2026-07-01,Jul 1,2026-04-07,-85,yes,exact,direct,governor.nebraska.gov 'Gov. Pillen Signs Mid-Biennium Budget Adjustment Package'; nebraskaexaminer.com; 1011now.com,"NOT a carryover: Pillen signed the 2026 mid-biennium budget adjustment package (LB1071) Apr 7, 2026 with no line-item vetoes. Adjusts appropriations for the biennium ending Jun 30, 2027; resolved the $627M biennial variance. Same treatment as Nebraska's FY2025 mid-biennium adjustment."
Nevada,FY2015,2014-07-01,Jul 1,2013-06-03,-393,yes,month-level estimate,biennial carryover,leg.state.nv.us 77th (2013) Session,"Second year of the FY2014-15 biennium enacted by the 2013 legislature, which adjourned sine die Jun 3, 2013. Anchored to sine die; exact approval day not located."
Nevada,FY2016,2015-07-01,Jul 1,2015-06-15,-16,yes,month-level estimate,direct,NASBO Summaries of FY16 Proposed & Enacted Budgets (nasbo.org),Sandoval signed the five bills comprising Nevada's FY2016-17 biennial budget in June 2015 ($7.3B general fund over the biennium); NASBO gives the month only.
Nevada,FY2017,2016-07-01,Jul 1,2015-06-15,-382,yes,month-level estimate,biennial carryover,NASBO Summaries of FY16 Proposed & Enacted Budgets (nasbo.org),Second year of the biennium enacted with FY2016 (signed 2015-06-15). Odd-year-session state: no separate FY2017 enactment.
Nevada,FY2018,2017-07-01,Jul 1,2017-06-05,-26,yes,month-level estimate,direct,NASBO Summaries of FY Proposed & Enacted Budgets (nasbo.org),Sandoval signed the FY2018-19 biennial budget in early June 2017 ($26.3B all funds); NASBO gives 'early June' only.
Nevada,FY2019,2018-07-01,Jul 1,2017-06-05,-391,yes,month-level estimate,biennial carryover,NASBO Summaries of FY Proposed & Enacted Budgets (nasbo.org),Second year of the biennium enacted with FY2018 (signed 2017-06-05). Odd-year-session state: no separate FY2019 enactment.
Nevada,FY2020,2019-07-01,Jul 1,2019-06-15,-16,yes,month-level estimate,direct,NASBO Summaries of FY Proposed & Enacted Budgets (nasbo.org),Sisolak signed the bills comprising the FY2020-21 biennial budget in June 2019 ($8.85B general fund); NASBO gives the month only.
Nevada,FY2021,2020-07-01,Jul 1,2019-06-15,-382,yes,month-level estimate,biennial carryover,NASBO Summaries of FY Proposed & Enacted Budgets (nasbo.org),Second year of the biennium enacted with FY2020 (signed 2019-06-15). Odd-year-session state: no separate FY2021 enactment.
Nevada,FY2022,2021-07-01,Jul 1,2021-06-04,-27,yes,exact,direct,"leg.state.nv.us Statutes of Nevada 2021, Ch. 434 (SB 459) — 'Approved by the Governor' June 4, 2021","Nevada's 2021-2023 biennial authorizations act (SB 459, Ch. 434) approved by the governor Jun 4, 2021. Date taken from the official Statutes of Nevada chapter record."
Nevada,FY2023,2022-07-01,Jul 1,2021-06-04,-392,yes,exact,biennial carryover,"leg.state.nv.us Statutes of Nevada 2021, Ch. 434 (SB 459) — 'Approved by the Governor' June 4, 2021","Second year of the 2021-2023 biennium enacted Jun 4, 2021 (SB 459, Ch. 434). NASBO's FY2023 edition confirms Nevada took no separate FY2023 budget action."
Nevada,FY2024,2023-07-01,Jul 1,2023-06-15,-16,yes,month-level estimate,direct,leg.state.nv.us NELIS 82nd(2023) signed bills; thenevadaindependent.com,"Biennial FY24-25. Lombardo vetoed AB520 (Appropriations Act) Jun 1, 2023; replacement passed in the Jun 6-7 special session. Estimate anchored to the Jun 15, 2023 statutory effective date of the main appropriations bills (AB525/AB526); exact signing day unconfirmed."
Nevada,FY2025,2024-07-01,Jul 1,2023-06-15,-382,yes,month-level estimate,biennial carryover,leg.state.nv.us NELIS 82nd(2023) signed bills; thenevadaindependent.com,Second year of the biennium enacted with FY2024 (signed 2023-06-15). Odd-year-session state: no separate FY2025 enactment.
Nevada,FY2026,2025-07-01,Jul 1,2025-06-13,-18,yes,exact,direct,gov.nv.gov/Newsroom; leg.state.nv.us,"Was June 15 estimate. Lombardo completed all signings June 13 (10-day deadline). 87 vetoes total. Divided govt (R gov, D legislature)."
Nevada,FY2027,2026-07-01,Jul 1,2025-06-13,-383,yes,exact,biennial carryover,gov.nv.gov/Newsroom; leg.state.nv.us,"Was June 15 estimate. Lombardo completed all signings June 13 (10-day deadline). 87 vetoes total. Divided govt (R gov, D legislature) (biennial carryover of the FY2026 enactment, signed 2025-06-13). VERIFIED: Legislature meets only in odd-numbered years; no 2026 regular session."
New Hampshire,FY2015,2014-07-01,Jul 1,2013-06-28,-368,yes,exact,biennial carryover,ballotpedia; nhfpi.org,"Second year of the FY2014-15 biennium; Hassan signed HB 1/HB 2 Jun 28, 2013 ($10.7B)."
New Hampshire,FY2016,2015-07-01,Jul 1,2015-09-16,77,yes,exact,direct,citizenscount.org; nhfpi.org,"Hassan VETOED the FY2016-17 budget as 'unbalanced'; state ran on a continuing resolution until the legislature overrode the veto Sep 16, 2015 — 77 days into the fiscal year."
New Hampshire,FY2017,2016-07-01,Jul 1,2015-09-16,-289,yes,exact,biennial carryover,citizenscount.org; nhfpi.org,"Second year of the FY2016-17 biennium, enacted Sep 16, 2015 via veto override."
New Hampshire,FY2018,2017-07-01,Jul 1,2017-06-28,-3,yes,exact,direct,governor.sununu.nh.gov; citizenscount.org,"Sununu signed the $11.7B FY2018-19 budget Jun 28, 2017."
New Hampshire,FY2019,2018-07-01,Jul 1,2017-06-28,-368,yes,exact,biennial carryover,governor.sununu.nh.gov,"Second year of the FY2018-19 biennium, signed Jun 28, 2017."
New Hampshire,FY2020,2019-07-01,Jul 1,2019-10-01,92,yes,exact,direct,NASBO FY20 Summary of Proposed & Enacted Budgets (nasbo.org),"Backfilled from the NASBO FY2020 enacted-budget narrative. Extracted quote: ""approved until October 1..."""
New Hampshire,FY2021,2020-07-01,Jul 1,2019-10-01,-274,yes,exact,biennial carryover,NASBO FY20 Summary of Proposed & Enacted Budgets (nasbo.org),Second year of the biennium enacted with FY2020 (signed 2019-10-01). NASBO's FY2021 edition states this state enacted a two-year budget and took no separate FY2021 action.
New Hampshire,FY2022,2021-07-01,Jul 1,2021-06-26,-5,yes,exact,direct,governor.sununu.nh.gov; patch.com,"Sununu signed the $13.5B FY2022-23 budget (HB 1/HB 2) Jun 26, 2021."
New Hampshire,FY2023,2022-07-01,Jul 1,2021-06-26,-370,yes,exact,biennial carryover,governor.sununu.nh.gov,"Second year of the FY2022-23 biennium, signed Jun 26, 2021."
New Hampshire,FY2024,2023-07-01,Jul 1,2023-06-20,-11,yes,exact,direct,NASBO FY2024 Enacted Budget Summaries (nasbo.org),Biennial FY24-25; Sununu signed
New Hampshire,FY2025,2024-07-01,Jul 1,2023-06-20,-377,yes,exact,biennial carryover,NASBO FY2024 Enacted Budget Summaries (nasbo.org),"Second year of the FY2024-25 biennium, enacted 2023-06-20."
New Hampshire,FY2026,2025-07-01,Jul 1,2025-06-27,-4,yes,exact,direct,newhampshirebulletin.com; citizenscount.org,Was June 15 estimate (-16d). Ayotte signed June 27 (-4d) after a 'turbulent final chapter' — she threatened veto over police/fire retirement benefits. Last-minute compromise bill HB 282 rushed through; nearly missed deadline.
New Hampshire,FY2027,2026-07-01,Jul 1,2025-06-27,-369,yes,exact,biennial carryover,newhampshirebulletin.com; citizenscount.org,"Was June 15 estimate (-16d). Ayotte signed June 27 (-4d) after a 'turbulent final chapter' — she threatened veto over police/fire retirement benefits. Last-minute compromise bill HB 282 rushed through; nearly missed deadline (biennial carryover of the FY2026 enactment, signed 2025-06-27). VERIFIED: FY2026-27 operating budget (HB 1/HB 2) enacted 2025 governs FY2027; no 2026 supplemental appropriations act found."
New Jersey,FY2014,2013-07-01,Jul 1,2013-06-28,-3,yes,exact,direct,ballotpedia Historical NJ,
New Jersey,FY2015,2014-07-01,Jul 1,2014-06-30,-1,yes,exact,direct,ballotpedia Historical NJ,
New Jersey,FY2016,2015-07-01,Jul 1,2015-06-26,-5,yes,exact,direct,ballotpedia Historical NJ,
New Jersey,FY2017,2016-07-01,Jul 1,2016-07-08,7,yes,exact,direct,ballotpedia NJ state budget,
New Jersey,FY2018,2017-07-01,Jul 1,2017-07-04,3,yes,exact,direct,ballotpedia NJ state budget,3-day government shutdown
New Jersey,FY2019,2018-07-01,Jul 1,2018-07-01,0,yes,exact,direct,NASBO Summaries of FY Proposed & Enacted Budgets (nasbo.org),"Murphy signed the $37.4B FY2019 budget Jul 1, 2018 — on the fiscal year start."
New Jersey,FY2020,2019-07-01,Jul 1,2019-06-30,-1,yes,exact,direct,NASBO FY20 Summary of Proposed & Enacted Budgets (nasbo.org),"Backfilled from the NASBO FY2020 enacted-budget narrative. Extracted quote: ""signed the fiscal 2020 budget on June 30..."""
New Jersey,FY2021,2020-07-01,Jul 1,2020-09-29,90,yes,exact,direct,nj.gov/governor 2020-09-29; njbiz.com,"COVID-delayed. NJ extended FY2020 by three months and ran FY2021 as a nine-month year (Oct 1, 2020-Jun 30, 2021). Murphy signed the $32.7B appropriations act Sep 29, 2020; days-late is measured against the normal Jul 1 start."
New Jersey,FY2022,2021-07-01,Jul 1,2021-06-29,-2,yes,exact,direct,NASBO Fiscal 2022 Proposed & Enacted Budgets Summary (nasbo.org),"Murphy signed the $46.4B FY2022 budget Jun 29, 2021."
New Jersey,FY2023,2022-07-01,Jul 1,2022-06-30,-1,yes,exact,direct,NASBO Summaries of Fiscal Year 2023 Enacted Budgets (nasbo.org),Murphy signed the $50.6B budget one day before FY start.
New Jersey,FY2024,2023-07-01,Jul 1,2023-06-30,-1,yes,exact,direct,NASBO FY2024 Enacted Budget Summaries (nasbo.org),
New Jersey,FY2025,2024-07-01,Jul 1,2024-06-28,-3,yes,exact,direct,NASBO FY2025 Enacted Budget Summaries (nasbo.org),Murphy signed with line-item vetoes
New Jersey,FY2026,2025-07-01,Jul 1,2025-06-30,-1,yes,exact,direct,nj.gov/governor 2025-06-30; njlm.org,"Murphy signed the $58.8B FY2026 appropriations act (S-2026) Jun 30, 2025 — the largest budget in state history at the time."
New Jersey,FY2027,2026-07-01,Jul 1,2026-06-30,-1,yes,exact,direct,roi-nj.com; njbiz.com,"Sherrill's first budget as governor; $60.7B, signed just ahead of constitutional Jun 30 deadline"
New Mexico,FY2015,2014-07-01,Jul 1,2014-03-11,-112,yes,exact,direct,NASBO Summaries of Fiscal Year 2015 Proposed & Enacted Budgets (nasbo.org),"Martinez signed the $6.15B FY2015 budget Mar 11, 2014 (+4.3%)."
New Mexico,FY2016,2015-07-01,Jul 1,2015-04-09,-83,yes,exact,direct,NASBO Summaries of FY16 Proposed & Enacted Budgets (nasbo.org),"Backfilled from the NASBO FY2016 enacted-budget narrative. Extracted quote: ""signed the state’s fiscal 2016 budget on April 9..."""
New Mexico,FY2017,2016-07-01,Jul 1,2016-02-29,-123,yes,exact,direct,NASBO Summaries of FY17 Proposed & Enacted Budgets (nasbo.org),"Backfilled from the NASBO FY2017 enacted narrative (recovered via PyMuPDF; pypdf could not read this file). Quote: ""signed the state’s fiscal 2017 budget on February 29..."""
New Mexico,FY2018,2017-07-01,Jul 1,2017-05-26,-36,yes,exact,direct,NASBO FY18 Proposed & Enacted Budget Summaries (nasbo.org),"Backfilled from the NASBO FY2018 enacted-budget narrative. Extracted quote: ""signed the state’s fiscal 2018 budget agreement on May 26..."""
New Mexico,FY2019,2018-07-01,Jul 1,2018-03-07,-116,yes,exact,direct,NASBO Summaries of FY19 Proposed & Enacted Budgets (nasbo.org),"Backfilled from the NASBO FY2019 enacted-budget narrative. Extracted quote: ""signed the state’s fiscal 2019 budget on March 7..."""
New Mexico,FY2020,2019-07-01,Jul 1,2019-04-04,-88,yes,exact,direct,NASBO FY20 Summary of Proposed & Enacted Budgets (nasbo.org),"Backfilled from the NASBO FY2020 enacted-budget narrative. Extracted quote: ""signed the state’s fiscal 2020 budget into law on April 4..."""
New Mexico,FY2021,2020-07-01,Jul 1,2020-03-11,-112,yes,exact,direct,NASBO Summaries of Fiscal Year 2021 Proposed & Enacted Budgets (nasbo.org),"Backfilled from the NASBO FY2021 enacted-budget narrative. Extracted quote: ""signed the state’s fiscal 2021 budget into law on March 11..."""
New Mexico,FY2022,2021-07-01,Jul 1,2021-04-09,-83,yes,exact,direct,NASBO Fiscal 2022 Proposed & Enacted Budgets Summary (nasbo.org),"Backfilled from the NASBO FY2022 enacted-budget narrative. Extracted quote: ""signed the state’s fiscal 2022 budget into law on April 9..."""
New Mexico,FY2023,2022-07-01,Jul 1,2022-03-09,-114,yes,exact,direct,governor.state.nm.us 2022-03-09,"Lujan Grisham signed the FY2023 budget Mar 9, 2022."
New Mexico,FY2024,2023-07-01,Jul 1,2023-04-07,-85,yes,exact,direct,sourcenm.com; abqjournal.com,"Was Apr 15 estimate. Lujan Grisham signed the $9.57B budget and capital outlay bills Friday Apr 7, 2023."
New Mexico,FY2025,2024-07-01,Jul 1,2024-03-06,-117,yes,exact,direct,governor.state.nm.us press release 2024-03-06,"Was Mar 15 estimate. Governor's own release 'Gov. Lujan Grisham signs FY25 state budget, capital outlay bills' dated Mar 6, 2024 — also the constitutional signing deadline."
New Mexico,FY2026,2025-07-01,Jul 1,2025-04-11,-81,yes,exact,direct,governor.state.nm.us; sourcenm.com,Was March 15 estimate (-108d). Actually April 11 (-81d). 87 line-item vetoes. 60-day session ended March 20; signed 3 weeks later.
New Mexico,FY2027,2026-07-01,Jul 1,2026-03-11,-112,yes,exact,direct,governor.state.nm.us; sourcenm.com; abqjournal.com,Lujan Grisham signed $11.1B general fund budget on the final day; capital outlay bills and tax package included; universal child care funded
New York,FY2015,2014-04-01,Apr 1,2014-04-01,0,yes,month-level estimate,direct,NASBO Summaries of Fiscal Year 2015 Proposed & Enacted Budgets (nasbo.org),Cuomo signed the $138B FY2015 budget in April 2014; NASBO gives the month only. Anchored to the Apr 1 fiscal year start.
New York,FY2016,2015-04-01,Apr 1,2015-04-01,0,yes,exact,direct,budget.ny.gov 2015 enacted-budget press release,"The FY2016 budget passed on time Apr 1, 2015 — the fifth consecutive on-time New York budget, holding spending growth under 2%."
New York,FY2017,2016-04-01,Apr 1,2016-03-31,-1,yes,exact,direct,NASBO Summaries of FY17 Proposed & Enacted Budgets (nasbo.org),"NASBO records Cuomo announcing agreement on the FY2017 budget Mar 31, 2016, one day before the Apr 1 fiscal year start; enacting bills passed at the start of April."
New York,FY2018,2017-04-01,Apr 1,2017-04-10,9,yes,exact,direct,NASBO Summaries of FY Proposed & Enacted Budgets (nasbo.org),"Cuomo announced passage of the $153.1B FY2018 budget Apr 10, 2017 — 9 days after the Apr 1 fiscal year start."
New York,FY2019,2018-04-01,Apr 1,2018-04-12,11,yes,exact,direct,NASBO Summaries of FY19 Proposed & Enacted Budgets (nasbo.org),"Backfilled from the NASBO FY2019 enacted-budget narrative. Extracted quote: ""signed the fiscal 2019 budget on April 12..."""
New York,FY2020,2019-04-01,Apr 1,2019-04-01,0,yes,exact,direct,NASBO FY20 Summary of Proposed & Enacted Budgets (nasbo.org),"Backfilled from the NASBO FY2020 enacted-budget narrative. Extracted quote: ""signed the fiscal 2020 budget on April 1..."""
New York,FY2021,2020-04-01,Apr 1,2020-04-03,2,yes,exact,direct,NASBO Summaries of Fiscal Year 2021 Proposed & Enacted Budgets (nasbo.org),"Backfilled from the NASBO FY2021 enacted-budget narrative. Extracted quote: ""signed the fiscal 2021 budget on April 3..."""
New York,FY2022,2021-04-01,Apr 1,2021-04-19,18,yes,exact,direct,governor.ny.gov 2021-04-19; budget.ny.gov FY22 enacted financial plan,"Cuomo signed; legislature passed budget Apr 6, governor signed Apr 19."
New York,FY2023,2022-04-01,Apr 1,2022-04-09,8,yes,exact,direct,governor.ny.gov 2022-04-09 enacted highlights; budget.ny.gov (NASBO reports Apr 10),"Hochul's first budget. Governor's own enacted-highlights release is dated Apr 9, 2022; NASBO's FY2023 Enacted Budget Summaries reports Apr 10. Kept the governor's date; one-day discrepancy noted — budget bills were acted on across Apr 9-10."
New York,FY2024,2023-04-01,Apr 1,2023-05-03,32,yes,exact,direct,NASBO FY2024 Enacted Budget Summaries (nasbo.org),NY FY starts Apr 1; Hochul signed
New York,FY2025,2024-04-01,Apr 1,2024-04-22,21,yes,exact,direct,governor.ny.gov 2024-04-22 enacted highlights; budget.ny.gov,NY FY starts Apr 1; Hochul signed
New York,FY2026,2025-04-01,Apr 1,2025-05-20,49,yes,exact,direct,nystateofpolitics.com; cbcny.org,NY FY starts Apr 1; $254B
New York,FY2027,2026-04-01,Apr 1,2026-05-28,57,yes,exact,direct,cbcny.org,Nearly two-month late per CBC
North Carolina,FY2015,2014-07-01,Jul 1,2013-07-26,-340,yes,exact,biennial carryover,ncleg.gov SL 2013-360 (SB 402); greensboro.com,"Second year of the FY2014-15 biennium. McCrory signed the 429-page Appropriations Act of 2013 (SL 2013-360) on Jul 26, 2013, hours after final legislative approval."
North Carolina,FY2016,2015-07-01,Jul 1,2015-09-18,79,yes,exact,direct,ncleg.gov SL 2015-241 (HB 97),"2015 Appropriations Act (SL 2015-241) enacted Sep 18, 2015 — 79 days into the fiscal year. Biennium covered FY2015-16 and FY2016-17."
North Carolina,FY2017,2016-07-01,Jul 1,2016-07-14,13,yes,exact,direct,ncleg.gov SL 2016-94 (HB 1030),"McCrory signed the 2016 budget adjustments (SL 2016-94) Jul 14, 2016, adjusting the second year of the 2015 biennium."
North Carolina,FY2018,2017-07-01,Jul 1,2017-06-28,-3,yes,exact,direct,ncleg.gov SL 2017-57 (S 257),"Cooper vetoed the 2017 Appropriations Act Jun 27; the General Assembly overrode the veto Jun 28, 2017. Enacted over the governor's objection, 3 days before FY start."
North Carolina,FY2019,2018-07-01,Jul 1,2018-06-12,-19,yes,exact,direct,ncleg.gov SL 2018-5 (SB 99),"2018 budget adjustment enacted Jun 12, 2018 via veto override (Senate Jun 7, House Jun 12). Cooper objected on education and teacher pay."
North Carolina,FY2020,2019-07-01,Jul 1,,,no,not enacted,direct,ncfamily.org; journalnow.com; ncleg.gov HB 966,"NO comprehensive budget enacted. Cooper vetoed HB 966 on Jun 28, 2019 over Medicaid expansion; the House overrode but the Senate never did. State ran on mini-budgets and continuation funding."
North Carolina,FY2021,2020-07-01,Jul 1,,,no,not enacted,direct,nccivitas.org; carolinapublicpress.org,NO comprehensive budget enacted. The 2020 short session was consumed by COVID; Senate leader Berger declined to attempt a full budget. Spending reverted to continuation levels with piecemeal bills.
North Carolina,FY2022,2021-07-01,Jul 1,2021-11-18,140,yes,exact,direct,ncleg.gov SL 2021-180 (SB 105); governor.nc.gov,"Cooper signed the $25.9B budget Nov 18, 2021 — 140 days late, and his first enacted budget since taking office in 2017, ending a two-year impasse."
North Carolina,FY2023,2022-07-01,Jul 1,2022-07-11,10,yes,exact,direct,ncleg.gov SL 2022-74 (HB 103); wunc.org,"Cooper signed the 2022 budget adjustment Jul 11, 2022, hours before his 10-day deadline expired."
North Carolina,FY2024,2023-07-01,Jul 1,2023-10-03,94,yes,exact,direct,ncleg.gov SL 2023-134 (HB 259); ncnewsline.com; wunc.org,Biennial FY24-25; became law WITHOUT Cooper's signature
North Carolina,FY2025,2024-07-01,Jul 1,2023-10-03,-272,yes,exact,biennial carryover,ncleg.gov SL 2023-134 (HB 259); ncnewsline.com; wunc.org,Second year of the biennium enacted with FY2024 (signed 2023-10-03). Odd-year-session state: no separate FY2025 enactment.
North Carolina,FY2026,2025-07-01,Jul 1,,,no,not enacted,direct,wral.com; dailytarheel.com,Biennial FY26-27; NOT YET ENACTED as of Jul 2026
North Carolina,FY2027,2026-07-01,Jul 1,,,no,not enacted,direct,NASBO Jul 2026 blog,STILL no complete budget for biennium that began Jul 1 2025; partial budgets only
North Dakota,FY2015,2014-07-01,Jul 1,2013-05-04,-423,yes,month-level estimate,biennial carryover,ndlegis.gov 63rd Legislative Assembly (2013),"Second year of the FY2014-15 biennium enacted by the 2013 assembly, which adjourned in early May 2013. Anchored to sine die."
North Dakota,FY2016,2015-07-01,Jul 1,2015-04-15,-77,yes,month-level estimate,direct,NASBO Summaries of FY16 Proposed & Enacted Budgets (nasbo.org),Dalrymple signed North Dakota's FY2016-17 biennial budget in April 2015 ($14.20B total); NASBO gives the month only.
North Dakota,FY2017,2016-07-01,Jul 1,2015-04-15,-443,yes,month-level estimate,biennial carryover,NASBO Summaries of FY16 Proposed & Enacted Budgets (nasbo.org),Second year of the biennium enacted with FY2016 (signed 2015-04-15). Odd-year-session state: no separate FY2017 enactment.
North Dakota,FY2018,2017-07-01,Jul 1,2017-05-03,-59,yes,exact,direct,governor.nd.gov 2017 bill-signing release,"Burgum signed the remaining 2017-session bills — 43 appropriations bills with no line-item vetoes — on May 3, 2017, completing the 2017-19 biennial budget."
North Dakota,FY2019,2018-07-01,Jul 1,2017-05-03,-424,yes,exact,biennial carryover,governor.nd.gov 2017 bill-signing release,"Second year of the 2017-19 biennium, enacted May 3, 2017."
North Dakota,FY2020,2019-07-01,Jul 1,2019-05-02,-60,yes,exact,direct,NASBO FY20 Summary of Proposed & Enacted Budgets (nasbo.org),"Backfilled from the NASBO FY2020 enacted-budget narrative. Extracted quote: ""signed the sta te’s biennium budget on May 2..."""
North Dakota,FY2021,2020-07-01,Jul 1,2019-05-02,-426,yes,exact,biennial carryover,NASBO FY20 Summary of Proposed & Enacted Budgets (nasbo.org),Second year of the biennium enacted with FY2020 (signed 2019-05-02). NASBO's FY2021 edition states this state enacted a two-year budget and took no separate FY2021 action.
North Dakota,FY2022,2021-07-01,Jul 1,2021-05-10,-52,yes,exact,direct,NASBO Fiscal 2022 Proposed & Enacted Budgets Summary (nasbo.org),"Backfilled from the NASBO FY2022 enacted-budget narrative. Extracted quote: ""signed the state’s biennium budget on May 10..."""
North Dakota,FY2023,2022-07-01,Jul 1,2021-05-10,-417,yes,exact,biennial carryover,NASBO Fiscal 2022 Proposed & Enacted Budgets Summary (nasbo.org),Second year of the biennium enacted with FY2022 (signed 2021-05-10). Odd-year-session state: no separate FY2023 enactment.
North Dakota,FY2024,2023-07-01,Jul 1,2023-05-09,-53,yes,exact,direct,NASBO FY2024 Enacted Budget Summaries (nasbo.org),Biennial FY24-25; Burgum signed
North Dakota,FY2025,2024-07-01,Jul 1,2023-05-09,-419,yes,exact,biennial carryover,NASBO FY2024 Enacted Budget Summaries (nasbo.org),Second year of the biennium enacted with FY2024 (signed 2023-05-09). Odd-year-session state: no separate FY2025 enactment.
North Dakota,FY2026,2025-07-01,Jul 1,2025-05-03,-59,yes,month-level estimate,direct,northdakotamonitor.com; governor.nd.gov,"ESTIMATE RE-ANCHORED: prior Apr 15 estimate was impossible — it predated legislative passage. Legislature adjourned sine die and approved the $20.3B 2025-27 budget May 3, 2025; signing occurred on or after that date. Anchored to approval date pending an exact signing date."
North Dakota,FY2027,2026-07-01,Jul 1,2025-05-03,-424,yes,month-level estimate,biennial carryover,northdakotamonitor.com; governor.nd.gov,"Biennial 2025-27; Armstrong's first budget (biennial carryover of the FY2026 enactment, signed 2025-05-03). VERIFIED: Legislature meets only in odd-numbered years; no 2026 session."
Ohio,FY2015,2014-07-01,Jul 1,2014-06-16,-15,yes,exact,direct,NASBO Summaries of Fiscal Year 2015 Proposed & Enacted Budgets (nasbo.org),"Backfilled from the NASBO FY2015 enacted-budget narrative. Extracted quote: ""signed the mid -biennium budget review for fiscal 2014 -2015..."""
Ohio,FY2016,2015-07-01,Jul 1,2015-06-30,-1,yes,exact,direct,NASBO Summaries of FY16 Proposed & Enacted Budgets (nasbo.org),"Backfilled from the NASBO FY2016 enacted-budget narrative. Extracted quote: ""On June 30, Ohio Governor John Kasich signed..."""
Ohio,FY2017,2016-07-01,Jul 1,2015-06-30,-367,yes,exact,biennial carryover,NASBO Summaries of FY16 Proposed & Enacted Budgets (nasbo.org),Second year of the biennium enacted with FY2016 (signed 2015-06-30). Odd-year-session state: no separate FY2017 enactment.
Ohio,FY2018,2017-07-01,Jul 1,2017-06-30,-1,yes,exact,direct,NASBO FY18 Proposed & Enacted Budget Summaries (nasbo.org),"Backfilled from the NASBO FY2018 enacted-budget narrative. Extracted quote: ""On June 30, Ohio Governor John Kasich signed..."""
Ohio,FY2019,2018-07-01,Jul 1,2017-06-30,-366,yes,exact,biennial carryover,NASBO FY18 Proposed & Enacted Budget Summaries (nasbo.org),Second year of the biennium enacted with FY2018 (signed 2017-06-30). NASBO's FY2019 edition states this state enacted a two-year budget and took no separate FY2019 action.
Ohio,FY2020,2019-07-01,Jul 1,2019-07-18,17,yes,exact,direct,NASBO FY20 Summary of Proposed & Enacted Budgets (nasbo.org),"Backfilled from the NASBO FY2020 enacted-budget narrative. Extracted quote: ""On July 18, Ohio Governor Mike DeWine signed..."""
Ohio,FY2021,2020-07-01,Jul 1,2019-07-18,-349,yes,exact,biennial carryover,NASBO FY20 Summary of Proposed & Enacted Budgets (nasbo.org),Second year of the biennium enacted with FY2020 (signed 2019-07-18). NASBO's FY2021 edition states this state enacted a two-year budget and took no separate FY2021 action.
Ohio,FY2022,2021-07-01,Jul 1,2021-06-30,-1,yes,exact,direct,NASBO Fiscal 2022 Proposed & Enacted Budgets Summary (nasbo.org),"Backfilled from the NASBO FY2022 enacted-budget narrative. Extracted quote: ""On June 30, Ohio Governor Mike DeWine signed..."""
Ohio,FY2023,2022-07-01,Jul 1,2021-06-30,-366,yes,exact,biennial carryover,NASBO Fiscal 2022 Proposed & Enacted Budgets Summary (nasbo.org),Second year of the biennium enacted with FY2022 (signed 2021-06-30). NASBO's FY2023 edition states this state enacted a two-year budget and took no separate FY2023 action.
Ohio,FY2024,2023-07-01,Jul 1,2023-07-04,3,yes,exact,direct,fox8.com; wkyc.com,Biennial 2024-25; 44 line-item vetoes
Ohio,FY2025,2024-07-01,Jul 1,2023-07-04,-363,yes,exact,biennial carryover,fox8.com; wkyc.com,Second year of the biennium enacted with FY2024 (signed 2023-07-04). Odd-year-session state: no separate FY2025 enactment.
Ohio,FY2026,2025-07-01,Jul 1,2025-06-30,-1,yes,exact,direct,wfmj.com; vorys.com,"Signed at 11:15 PM, 45 minutes before deadline; 67 line-item vetoes; $60B biennial"
Ohio,FY2027,2026-07-01,Jul 1,2025-06-30,-366,yes,exact,biennial carryover,wfmj.com; vorys.com,"Signed at 11:15 PM, 45 minutes before deadline; 67 line-item vetoes; $60B biennial (biennial carryover of the FY2026 enactment, signed 2025-06-30). VERIFIED: FY2026-27 biennial OPERATING budget enacted Jun 2025 governs FY2027. DeWine signed a $3.7B CAPITAL budget in Jun 2026 — a separate instrument, not tracked here."
Oklahoma,FY2015,2014-07-01,Jul 1,2014-06-03,-28,yes,exact,direct,NASBO Summaries of Fiscal Year 2015 Proposed & Enacted Budgets (nasbo.org),"Backfilled from the NASBO FY2015 enacted-budget narrative. Extracted quote: ""signed the state’s fiscal 201 5 budget into law on June 3..."""
Oklahoma,FY2016,2015-07-01,Jul 1,2015-05-22,-40,yes,exact,direct,NASBO Summaries of FY16 Proposed & Enacted Budgets (nasbo.org),"Backfilled from the NASBO FY2016 enacted-budget narrative. Extracted quote: ""approved the state’s fiscal 2016 budget on May 22..."""
Oklahoma,FY2017,2016-07-01,Jul 1,2016-06-10,-21,yes,exact,direct,NASBO Summaries of FY17 Proposed & Enacted Budgets (nasbo.org),"Fallin signed the $6.78B FY2017 budget Jun 10, 2016, 5% below the pre-adjustment FY2016 budget."
Oklahoma,FY2018,2017-07-01,Jul 1,2017-05-31,-31,yes,exact,direct,NASBO FY18 Proposed & Enacted Budget Summaries (nasbo.org),"Backfilled from the NASBO FY2018 enacted-budget narrative. Extracted quote: ""On May 31, Oklahoma Governor Mary Fallin signed..."""
Oklahoma,FY2019,2018-07-01,Jul 1,2018-04-30,-62,yes,exact,direct,NASBO Summaries of FY19 Proposed & Enacted Budgets (nasbo.org),"Backfilled from the NASBO FY2019 enacted-budget narrative. Extracted quote: ""On April 30, Oklahoma Governor Mary Fallin signed..."""
Oklahoma,FY2020,2019-07-01,Jul 1,2019-05-24,-38,yes,exact,direct,NASBO FY20 Summary of Proposed & Enacted Budgets (nasbo.org),"Backfilled from the NASBO FY2020 enacted-budget narrative. Extracted quote: ""On May 24, Oklahoma Governor Kevin Stitt signed..."""
Oklahoma,FY2021,2020-07-01,Jul 1,2020-05-13,-49,yes,exact,direct,nondoc.com; oklahoma.gov governor newsroom,"Stitt VETOED SB 1922, the FY2021 general appropriations bill, on May 13, 2020; both chambers overrode the veto within hours the same day. Enacted over the governor's objection."
Oklahoma,FY2022,2021-07-01,Jul 1,2021-05-24,-38,yes,exact,direct,NASBO Fiscal 2022 Proposed & Enacted Budgets Summary (nasbo.org),"Backfilled from the NASBO FY2022 enacted-budget narrative. Extracted quote: ""On May 24, Oklahoma Governor Kevin Stitt signed..."""
Oklahoma,FY2023,2022-07-01,Jul 1,2022-05-27,-35,yes,exact,direct,NASBO Summaries of Fiscal Year 2023 Enacted Budgets (nasbo.org),General appropriations bill became law WITHOUT the governor's signature on May 27.
Oklahoma,FY2024,2023-07-01,Jul 1,2023-06-02,-29,yes,exact,direct,NASBO FY2024 Enacted Budget Summaries (nasbo.org),Became law without governor's signature
Oklahoma,FY2025,2024-07-01,Jul 1,2024-06-12,-19,yes,exact,direct,NASBO FY2025 Enacted Budget Summaries (nasbo.org),Stitt signed
Oklahoma,FY2026,2025-07-01,Jul 1,2025-05-23,-39,yes,exact,direct,oklahomavoice.com; oklahoma.gov,Was May 15 estimate. Deal announced May 14; Senate passed May 22; signed ~May 23.
Oklahoma,FY2027,2026-07-01,Jul 1,2026-04-15,-77,yes,exact,direct,kosu.org; kgou.org,"Stitt signed SB 1177, $12.8B general appropriations bill"
Oregon,FY2015,2014-07-01,Jul 1,2014-04-01,-91,yes,exact,direct,data.oregon.gov official 'Bills Signed by Governor' records,"2014 even-year rebalance: HB 5201/HB 5202/SB 5701-5703 signed Apr 1, 2014, adjusting the second year of the 2013-15 biennium."
Oregon,FY2016,2015-07-01,Jul 1,2015-08-12,42,yes,exact,direct,data.oregon.gov 'Bills Signed by Governor' datasets (official signing records),"Odd-year session enacts the biennium. Budget bills incl. HB 5029/HB 5047/SB 5507 ('state financial administration') signed Aug 12, 2015 — 42 days after FY start."
Oregon,FY2017,2016-07-01,Jul 1,2016-03-29,-94,yes,exact,direct,data.oregon.gov 'Bills Signed by Governor' datasets (official signing records),"2016 even-year short session rebalance: HB 5201/HB 5202 signed Mar 29, 2016, adjusting the second year of the 2015-17 biennium."
Oregon,FY2018,2017-07-01,Jul 1,2017-08-15,45,yes,exact,direct,data.oregon.gov 'Bills Signed by Governor' datasets (official signing records),"2017-19 biennium completed Aug 15, 2017 when omnibus HB 5006 (line-item veto) and SB 5506 were acted on — 45 days after FY start."
Oregon,FY2019,2018-07-01,Jul 1,2018-04-10,-82,yes,exact,direct,data.oregon.gov 'Bills Signed by Governor' datasets (official signing records),"2018 short-session rebalance: HB 5201 signed Apr 10, 2018 (HB 5202 Apr 3)."
Oregon,FY2020,2019-07-01,Jul 1,2019-08-09,39,yes,exact,direct,data.oregon.gov 'Bills Signed by Governor' datasets (official signing records),"2019-21 biennium completed Aug 9, 2019 with omnibus HB 5006 signed and HB 5050 line-item vetoed — 39 days after FY start."
Oregon,FY2021,2020-07-01,Jul 1,2020-09-20,81,yes,exact,direct,data.oregon.gov official 'Bills Signed by Governor' records,"2020's regular short session collapsed; the FY2021 rebalance was enacted in special session — HB 5221/SB 5721-5723 signed Sep 20, 2020, 81 days into the fiscal year. COVID-driven."
Oregon,FY2022,2021-07-01,Jul 1,2021-08-06,36,yes,exact,direct,data.oregon.gov 'Bills Signed by Governor' datasets (official signing records),"2021-23 biennium completed Aug 6, 2021 when omnibus HB 5006 was approved with a signing letter (SB 5506 signed July 2021) — 36 days after FY start."
Oregon,FY2023,2022-07-01,Jul 1,2022-04-04,-88,yes,exact,direct,NASBO Summaries of FY2023 Proposed & Enacted Budgets (nasbo.org),"Backfilled from the NASBO FY2023 enacted narrative. Quote: ""signed by the governor on April 4..."""
Oregon,FY2024,2023-07-01,Jul 1,2023-08-04,34,yes,exact,direct,data.oregon.gov official 'Bills Signed by Governor' records,"2023-25 biennium: omnibus SB 5506 signed Aug 4, 2023 — 34 days after FY start. CORRECTED from a NASBO-derived Jun 30 date that predated the actual signing."
Oregon,FY2025,2024-07-01,Jul 1,2024-04-17,-75,yes,exact,direct,data.oregon.gov official 'Bills Signed by Governor' records,"2024 short-session rebalance: HB 5201/HB 5202/HB 5203/SB 5701/SB 5702 signed Apr 17, 2024."
Oregon,FY2026,2025-07-01,Jul 1,2025-08-07,37,yes,exact,direct,data.oregon.gov official 'Bills Signed by Governor' records,"2025-27 biennium: omnibus HB 5006 and SB 5506 signed Aug 7, 2025 — 37 days after FY start. CORRECTED from Jun 30; official signing records supersede the earlier NASBO/news estimates."
Oregon,FY2027,2026-07-01,Jul 1,2026-03-06,-117,yes,month-level estimate,direct,oregonlegislature.gov Ways & Means 2026-03-02 rebalance release; oregoncapitalchronicle.com,"2026 short-session rebalance; session adjourned sine die Mar 6, 2026. Oregon's even-year rebalances have signed Mar 29-Apr 17 in every prior cycle (2016/2018/2022/2024), so the true date is likely early April. Anchored to sine die pending the official signing record."
Pennsylvania,FY2015,2014-07-01,Jul 1,2014-07-10,9,yes,exact,direct,NASBO Summaries of Fiscal Year 2015 Proposed & Enacted Budgets (nasbo.org),"Backfilled from the NASBO FY2015 enacted-budget narrative. Extracted quote: ""On July 10, Pennsylvania Governor Tom Corbett signed..."""
Pennsylvania,FY2016,2015-07-01,Jul 1,2016-03-28,271,yes,exact,direct,pa.gov; post-gazette.com; spotlightpa.org,Full budget enacted without signature Mar 28 2016; partial signed Dec 2015
Pennsylvania,FY2017,2016-07-01,Jul 1,2016-07-12,11,yes,exact,direct,pa.gov; governing.com; yorkdispatch.com,Became law without signature Jul 12; revenue package signed Jul 13
Pennsylvania,FY2018,2017-07-01,Jul 1,2017-07-11,10,yes,exact,direct,pa.gov; fox43.com; bondbuyer.com,Became law without governor signature
Pennsylvania,FY2019,2018-07-01,Jul 1,2018-06-22,-9,yes,exact,direct,pa.gov; fox43.com; inquirer.com,Signed 9 days early
Pennsylvania,FY2020,2019-07-01,Jul 1,2019-06-28,-3,yes,exact,direct,pa.gov; inquirer.com,Signed 3 days early
Pennsylvania,FY2021,2020-07-01,Jul 1,2020-11-23,145,yes,exact,direct,pa.gov; northcentralpa.com,COVID-delayed; longest PA impasse until FY2026
Pennsylvania,FY2022,2021-07-01,Jul 1,2021-06-30,-1,yes,exact,direct,pa.gov; governor.pa.gov; witf.org,Signed day before fiscal year start
Pennsylvania,FY2023,2022-07-01,Jul 1,2022-07-08,7,yes,exact,direct,pa.gov; post-gazette.com,
Pennsylvania,FY2024,2023-07-01,Jul 1,2023-08-03,33,yes,exact,direct,pa.gov; penncapital-star.com; politicspa.com,
Pennsylvania,FY2025,2024-07-01,Jul 1,2024-07-11,10,yes,exact,direct,pa.gov governor newsroom; penncapital-star.com,
Pennsylvania,FY2026,2025-07-01,Jul 1,2025-11-12,134,yes,exact,direct,pa.gov governor newsroom; penncapital-star.com; inquirer.com,135 days late per reporting; divided legislature deadlock
Pennsylvania,FY2027,2026-07-01,Jul 1,,,no,not enacted,direct,keystonenewsroom.com,Deadline just passed Jul 1 2026; 5th consecutive miss
Rhode Island,FY2015,2014-07-01,Jul 1,2014-06-19,-12,yes,exact,direct,NASBO Summaries of Fiscal Year 2015 Proposed & Enacted Budgets (nasbo.org),"Backfilled from the NASBO FY2015 enacted-budget narrative. Extracted quote: ""On June 19, Rhode Island Governor Lincoln Chafee signed..."""
Rhode Island,FY2016,2015-07-01,Jul 1,2015-06-30,-1,yes,exact,direct,NASBO Summaries of FY16 Proposed & Enacted Budgets (nasbo.org),"Backfilled from the NASBO FY2016 enacted-budget narrative. Extracted quote: ""On June 30, Rhode Island Governor Gina Raimondo signed..."""
Rhode Island,FY2017,2016-07-01,Jul 1,2016-06-24,-7,yes,exact,direct,NASBO Summaries of FY17 Proposed & Enacted Budgets (nasbo.org),"Backfilled from the NASBO FY2017 enacted narrative. Quote: ""signed the fiscal 2017 budget on June 24..."""
Rhode Island,FY2018,2017-07-01,Jul 1,2017-08-03,33,yes,exact,direct,NASBO Summaries of FY Proposed & Enacted Budgets (nasbo.org),"Raimondo signed the $9.2B FY2018 budget Aug 3, 2017 — 33 days into the fiscal year."
Rhode Island,FY2019,2018-07-01,Jul 1,2018-06-22,-9,yes,exact,direct,NASBO Summaries of FY Proposed & Enacted Budgets (nasbo.org),"Raimondo signed the $9.6B FY2019 budget Jun 22, 2018."
Rhode Island,FY2020,2019-07-01,Jul 1,2019-07-05,4,yes,exact,direct,NASBO Summaries of FY Proposed & Enacted Budgets (nasbo.org),"Raimondo signed the $9.9B FY2020 budget Jul 5, 2019; spending ran at prior-year levels Jul 1-5."
Rhode Island,FY2021,2020-07-01,Jul 1,2020-12-21,173,yes,exact,direct,rilegislature.gov FY2021 Budget as Enacted; ripec.org,"COVID-delayed. The General Assembly deferred action awaiting federal relief and enacted a pared-down 'skinny' FY2021 budget Dec 21, 2020 — with the fiscal year nearly half over."
Rhode Island,FY2022,2021-07-01,Jul 1,2021-07-06,5,yes,exact,direct,NASBO Fiscal 2022 Proposed & Enacted Budgets Summary (nasbo.org),"McKee signed the $13.1B FY2022 budget Jul 6, 2021 — 5 days into the fiscal year."
Rhode Island,FY2023,2022-07-01,Jul 1,2022-06-27,-4,yes,exact,direct,NASBO Summaries of Fiscal Year 2023 Enacted Budgets (nasbo.org),McKee signed; $13.6B total spending.
Rhode Island,FY2024,2023-07-01,Jul 1,2023-06-16,-15,yes,exact,direct,NASBO FY2024 Enacted Budget Summaries (nasbo.org),McKee signed
Rhode Island,FY2025,2024-07-01,Jul 1,2024-06-17,-14,yes,exact,direct,NASBO FY2025 Enacted Budget Summaries (nasbo.org),McKee signed
Rhode Island,FY2026,2025-07-01,Jul 1,2025-06-30,-1,yes,exact,direct,rilegislature.gov H5076 action history; legiscan.com; tax.thomsonreuters.com,"Governor McKee refused to sign; H5076 passed Jun 29 and became law WITHOUT his signature Jun 30, 2025. He objected to 'unnecessary' taxes and fees but declined to veto. Enacted one day before FY start."
Rhode Island,FY2027,2026-07-01,Jul 1,2026-06-12,-19,yes,exact,direct,governor.ri.gov; rhodeislandcurrent.com,McKee signed $15.2B FY2027 budget; state's first child tax credit
South Carolina,FY2015,2014-07-01,Jul 1,2014-06-11,-20,yes,exact,direct,NASBO Summaries of Fiscal Year 2015 Proposed & Enacted Budgets (nasbo.org),"Backfilled from the NASBO FY2015 enacted-budget narrative. Extracted quote: ""signed into law the state’s fiscal 2015 budget on June 11..."""
South Carolina,FY2016,2015-07-01,Jul 1,2015-06-15,-16,yes,month-level estimate,direct,scbiznews.com; scstatehouse.gov H.3701,"Haley acted on the FY2016 budget in June 2015, vetoing ~90 line items totalling over $30M. Reporting gives the month, not the day."
South Carolina,FY2017,2016-07-01,Jul 1,2016-06-08,-23,yes,exact,direct,NASBO Summaries of FY17 Proposed & Enacted Budgets (nasbo.org),"Haley signed the FY2017 budget Jun 8, 2016 after 47 vetoes totalling $41.1M."
South Carolina,FY2018,2017-07-01,Jul 1,2017-06-12,-19,yes,exact,direct,NASBO FY18 Proposed & Enacted Budget Summaries (nasbo.org),"Backfilled from the NASBO FY2018 enacted-budget narrative. Extracted quote: ""On June 12, South Carolina Governor Henry McMaster signed..."""
South Carolina,FY2019,2018-07-01,Jul 1,2018-07-05,4,yes,exact,direct,NASBO Summaries of FY19 Proposed & Enacted Budgets (nasbo.org),"Backfilled from the NASBO FY2019 enacted-budget narrative. Extracted quote: ""On July 5, South Carolina Governor Henry McMaster signed..."""
South Carolina,FY2020,2019-07-01,Jul 1,2019-06-25,-6,yes,exact,direct,NASBO FY20 Summary of Proposed & Enacted Budgets (nasbo.org),"Backfilled from the NASBO FY2020 enacted-budget narrative. Extracted quote: ""signed the fiscal 2020 budget on June 25..."""
South Carolina,FY2021,2020-07-01,Jul 1,2020-05-18,-44,yes,exact,direct,NASBO Summaries of Fiscal Year 2021 Proposed & Enacted Budgets (nasbo.org),"Backfilled from the NASBO FY2021 enacted-budget narrative. Extracted quote: ""On May 18, South Carolina Governor Henry McMaster signed..."""
South Carolina,FY2022,2021-07-01,Jul 1,2021-07-01,0,yes,exact,direct,NASBO Fiscal 2022 Proposed & Enacted Budgets Summary (nasbo.org),"South Carolina's FY2022 budget became effective Jul 1, 2021 following a legislative override of several gubernatorial vetoes."
South Carolina,FY2023,2022-07-01,Jul 1,2022-06-15,-16,yes,month-level estimate,direct,scstatehouse.gov 2022 appropriations,McMaster acted on the FY2023 budget in June 2022; no exact signing day located.
South Carolina,FY2024,2023-07-01,Jul 1,2023-06-26,-5,yes,exact,direct,NASBO FY2024 Enacted Budget Summaries (nasbo.org),Became effective following line-item vetoes from McMaster; NASBO summary doesn't state an explicit signing date
South Carolina,FY2025,2024-07-01,Jul 1,2024-07-03,2,yes,exact,direct,NASBO FY2025 Enacted Budget Summaries (nasbo.org),Became effective following line-item vetoes from McMaster; NASBO summary doesn't state an explicit signing date
South Carolina,FY2026,2025-07-01,Jul 1,2025-06-04,-27,yes,exact,direct,governor.sc.gov/news/2025-06,Was June 15 estimate. Governor McMaster announced vetoes June 3-4. 11 vetoes total.
South Carolina,FY2027,2026-07-01,Jul 1,,,no,not enacted,direct,NASBO Jul 2026 blog,NOT ENACTED; operating under continuing resolution at FY2026 levels
South Dakota,FY2015,2014-07-01,Jul 1,2014-03-31,-92,yes,exact,direct,NASBO Summaries of Fiscal Year 2015 Proposed & Enacted Budgets (nasbo.org),"Backfilled from the NASBO FY2015 enacted-budget narrative. Extracted quote: ""On March 31, South Dakota Governor Dennis Daugaard signed..."""
South Dakota,FY2016,2015-07-01,Jul 1,2015-03-19,-104,yes,exact,direct,NASBO Summaries of FY16 Proposed & Enacted Budgets (nasbo.org),"Backfilled from the NASBO FY2016 enacted-budget narrative. Extracted quote: ""On March 19, South Dakota Governor Dennis Daugaard signed..."""
South Dakota,FY2017,2016-07-01,Jul 1,2016-03-16,-107,yes,exact,direct,NASBO Summaries of FY17 Proposed & Enacted Budgets (nasbo.org),"Daugaard signed the $4.59B FY2017 budget Mar 16, 2016."
South Dakota,FY2018,2017-07-01,Jul 1,2017-03-16,-107,yes,exact,direct,NASBO FY18 Proposed & Enacted Budget Summaries (nasbo.org),"Backfilled from the NASBO FY2018 enacted-budget narrative. Extracted quote: ""On March 16, South Dakota Governor Dennis Daugaard signed..."""
South Dakota,FY2019,2018-07-01,Jul 1,2018-03-21,-102,yes,exact,direct,NASBO Summaries of FY19 Proposed & Enacted Budgets (nasbo.org),"Backfilled from the NASBO FY2019 enacted-budget narrative. Extracted quote: ""signed the fiscal 2019 budget on March 21..."""
South Dakota,FY2020,2019-07-01,Jul 1,2019-03-27,-96,yes,exact,direct,NASBO FY20 Summary of Proposed & Enacted Budgets (nasbo.org),"Backfilled from the NASBO FY2020 enacted-budget narrative. Extracted quote: ""signed the state’s fiscal 2020 budget  bills on March 27..."""
South Dakota,FY2021,2020-07-01,Jul 1,2020-03-27,-96,yes,exact,direct,NASBO Summaries of Fiscal Year 2021 Proposed & Enacted Budgets (nasbo.org),"Backfilled from the NASBO FY2021 enacted-budget narrative. Extracted quote: ""signed the state’s fiscal 2021 budget on March 27..."""
South Dakota,FY2022,2021-07-01,Jul 1,2021-03-26,-97,yes,exact,direct,NASBO Fiscal 2022 Proposed & Enacted Budgets Summary (nasbo.org),"Noem completed signing the FY2022 budget bills Mar 26, 2021."
South Dakota,FY2023,2022-07-01,Jul 1,2022-03-15,-108,yes,month-level estimate,direct,sdlegislature.gov 2022 session; bfm.sd.gov,Noem completed signing the FY2023 budget bills in March 2022 following the 2022 session; NASBO and state records give no exact day.
South Dakota,FY2024,2023-07-01,Jul 1,2023-03-20,-103,yes,exact,direct,NASBO FY2024 Enacted Budget Summaries (nasbo.org),Noem signed
South Dakota,FY2025,2024-07-01,Jul 1,2024-03-20,-103,yes,exact,direct,NASBO FY2025 Enacted Budget Summaries (nasbo.org),Noem signed
South Dakota,FY2026,2025-07-01,Jul 1,2025-03-13,-110,yes,exact,direct,southdakotasearchlight.com,Was March 15 estimate (-108d). Legislature passed March 13 (-110d). Rhoden signed (Noem left for DHS).
South Dakota,FY2027,2026-07-01,Jul 1,2026-03-19,-104,yes,exact,direct,southdakotasearchlight.com; kotatv.com,Rhoden signed HB 1326 general appropriations act; 137th consecutive balanced budget
Tennessee,FY2015,2014-07-01,Jul 1,2014-05-11,-51,yes,exact,direct,NASBO Summaries of Fiscal Year 2015 Proposed & Enacted Budgets (nasbo.org),"Backfilled from the NASBO FY2015 enacted-budget narrative. Extracted quote: ""on May 11, the governor signed..."""
Tennessee,FY2016,2015-07-01,Jul 1,2015-05-18,-44,yes,exact,direct,NASBO Summaries of FY16 Proposed & Enacted Budgets (nasbo.org),"Haslam signed the $33.8B FY2016 budget May 18, 2015."
Tennessee,FY2017,2016-07-01,Jul 1,2016-05-15,-47,yes,month-level estimate,direct,ballotpedia historical Tennessee budget; tn.gov,"Haslam signed the $34.9B FY2017 budget after the 2016 session adjourned Apr 22, 2016; NASBO records the signing without a date. Anchored to May 2016."
Tennessee,FY2018,2017-07-01,Jul 1,2017-05-25,-37,yes,exact,direct,NASBO FY18 Proposed & Enacted Budget Summaries (nasbo.org),"Backfilled from the NASBO FY2018 enacted-budget narrative. Extracted quote: ""On May 25, Tennessee Governor Bill Haslam signed..."""
Tennessee,FY2019,2018-07-01,Jul 1,2018-05-21,-41,yes,exact,direct,NASBO Summaries of FY19 Proposed & Enacted Budgets (nasbo.org),"Backfilled from the NASBO FY2019 enacted-budget narrative. Extracted quote: ""On May 21, Tennessee Governor Bill Haslam signed..."""
Tennessee,FY2020,2019-07-01,Jul 1,2019-05-17,-45,yes,exact,direct,NASBO FY20 Summary of Proposed & Enacted Budgets (nasbo.org),"Backfilled from the NASBO FY2020 enacted-budget narrative. Extracted quote: ""On May 17, Tennessee Governor Bill Lee signed..."""
Tennessee,FY2021,2020-07-01,Jul 1,2020-03-18,-105,yes,exact,direct,NASBO Summaries of Fiscal Year 2021 Proposed & Enacted Budgets (nasbo.org),"Backfilled from the NASBO FY2021 enacted-budget narrative. Extracted quote: ""On March 18, Governor Lee released an administration budget..."""
Tennessee,FY2022,2021-07-01,Jul 1,2021-05-17,-45,yes,exact,direct,NASBO Fiscal 2022 Proposed & Enacted Budgets Summary (nasbo.org),"Backfilled from the NASBO FY2022 enacted-budget narrative. Extracted quote: ""On May 17, Tennessee Governor Bill Lee signed..."""
Tennessee,FY2023,2022-07-01,Jul 1,2022-05-25,-37,yes,month-level estimate,direct,thecentersquare.com,"Lee signed the FY2023 appropriations bill (incl. $500M for a new Titans stadium) in late May 2022; reporting gives the week, not the exact day."
Tennessee,FY2024,2023-07-01,Jul 1,2023-05-16,-46,yes,exact,direct,NASBO FY2024 Enacted Budget Summaries (nasbo.org),Lee signed; $56.2B total funds
Tennessee,FY2025,2024-07-01,Jul 1,2024-05-15,-47,yes,exact,direct,NASBO FY2025 Enacted Budget Summaries (nasbo.org),Lee signed; $52.8B all funds
Tennessee,FY2026,2025-07-01,Jul 1,2025-04-24,-68,yes,exact,direct,newschannel5.com; tba.org,Was May 15 estimate. Legislature passed April 16; Lee signed ~late April. $59.8B; $597M hurricane relief.
Tennessee,FY2027,2026-07-01,Jul 1,2026-05-15,-47,yes,month-level estimate,direct,tn.gov; thecentersquare.com,"Bill passed legislature Apr 16, transmitted to governor May 11; exact signing day not confirmed; $58.3B, Lee's final budget as governor"
Texas,FY2015,2014-09-01,Sep 1,2013-06-14,-444,yes,exact,biennial carryover,texastribune.org; politifact.com; lbb.texas.gov,"Second year of the FY2014-15 biennium. Perry signed the two-year $197B appropriations act Jun 14, 2013. TX FY starts Sep 1."
Texas,FY2016,2015-09-01,Sep 1,2015-06-20,-73,yes,exact,direct,NASBO Summaries of FY16 Proposed & Enacted Budgets (nasbo.org),"Backfilled from the NASBO FY2016 enacted-budget narrative. Extracted quote: ""On June 20, Texas Governor Greg Abbot signed..."""
Texas,FY2017,2016-09-01,Sep 1,2015-06-20,-439,yes,exact,biennial carryover,NASBO Summaries of FY16 Proposed & Enacted Budgets (nasbo.org),Second year of the biennium enacted with FY2016 (signed 2015-06-20). Odd-year-session state: no separate FY2017 enactment.
Texas,FY2018,2017-09-01,Sep 1,2017-06-12,-81,yes,exact,direct,NASBO FY18 Proposed & Enacted Budget Summaries (nasbo.org),"Backfilled from the NASBO FY2018 enacted-budget narrative. Extracted quote: ""On June 12, Texas Governor Greg Abbott signed..."""
Texas,FY2019,2018-09-01,Sep 1,2017-06-12,-446,yes,exact,biennial carryover,NASBO FY18 Proposed & Enacted Budget Summaries (nasbo.org),Second year of the biennium enacted with FY2018 (signed 2017-06-12). NASBO's FY2019 edition states this state enacted a two-year budget and took no separate FY2019 action.
Texas,FY2020,2019-09-01,Sep 1,2019-06-15,-78,yes,exact,direct,NASBO FY20 Summary of Proposed & Enacted Budgets (nasbo.org),"Backfilled from the NASBO FY2020 enacted-budget narrative. Extracted quote: ""On June 15, Texas Governor Greg Abbott signed..."""
Texas,FY2021,2020-09-01,Sep 1,2019-06-15,-444,yes,exact,biennial carryover,NASBO FY20 Summary of Proposed & Enacted Budgets (nasbo.org),Second year of the biennium enacted with FY2020 (signed 2019-06-15). NASBO's FY2021 edition states this state enacted a two-year budget and took no separate FY2021 action.
Texas,FY2022,2021-09-01,Sep 1,2021-06-18,-75,yes,exact,direct,NASBO Fiscal 2022 Proposed & Enacted Budgets Summary (nasbo.org),"Backfilled from the NASBO FY2022 enacted-budget narrative. Extracted quote: ""On June 18, Texas Governor Greg Abbott signed..."""
Texas,FY2023,2022-09-01,Sep 1,2021-06-18,-440,yes,exact,biennial carryover,NASBO Fiscal 2022 Proposed & Enacted Budgets Summary (nasbo.org),Second year of the biennium enacted with FY2022 (signed 2021-06-18). Odd-year-session state: no separate FY2023 enactment.
Texas,FY2024,2023-09-01,Sep 1,2023-06-18,-75,yes,exact,direct,everytexan.org,TX FY starts Sep 1; biennial 2024-25
Texas,FY2025,2024-09-01,Sep 1,2023-06-18,-441,yes,exact,biennial carryover,everytexan.org,Second year of the biennium enacted with FY2024 (signed 2023-06-18). Odd-year-session state: no separate FY2025 enactment.
Texas,FY2026,2025-09-01,Sep 1,2025-06-15,-78,yes,exact,direct,texastribune.org,Biennial 2026-27; $338B
Texas,FY2027,2026-09-01,Sep 1,2025-06-15,-443,yes,exact,biennial carryover,texastribune.org,"Biennial 2026-27; $338B (biennial carryover of the FY2026 enactment, signed 2025-06-15). VERIFIED: Legislature meets only in odd-numbered years; no 2026 regular session."
Utah,FY2015,2014-07-01,Jul 1,2014-04-01,-91,yes,exact,direct,NASBO Summaries of Fiscal Year 2015 Proposed & Enacted Budgets (nasbo.org),"Herbert signed Utah's FY2015 budget bills Apr 1, 2014 ($13.5B total operating and capital)."
Utah,FY2016,2015-07-01,Jul 1,2015-03-12,-111,yes,month-level estimate,direct,le.utah.gov 2015 General Session,"Utah passes a base budget early then final appropriations at adjournment; the 2015 general session ended Mar 12, 2015. Anchored to sine die."
Utah,FY2017,2016-07-01,Jul 1,2016-06-06,-25,yes,exact,direct,NASBO Summaries of FY17 Proposed & Enacted Budgets (nasbo.org),"Backfilled from the NASBO FY2017 enacted narrative (recovered via PyMuPDF; pypdf could not read this file). Quote: ""signed the fiscal 2017 budget on June 6..."""
Utah,FY2018,2017-07-01,Jul 1,2017-03-28,-95,yes,exact,direct,NASBO FY18 Proposed & Enacted Budget Summaries (nasbo.org),"Backfilled from the NASBO FY2018 enacted-budget narrative. Extracted quote: ""On March 28, Utah Governor Gary Herbert signed..."""
Utah,FY2019,2018-07-01,Jul 1,2018-03-21,-102,yes,exact,direct,NASBO Summaries of FY19 Proposed & Enacted Budgets (nasbo.org),"Backfilled from the NASBO FY2019 enacted-budget narrative. Extracted quote: ""On March 21, Utah Governor Gary Herbert signed..."""
Utah,FY2020,2019-07-01,Jul 1,2019-03-20,-103,yes,exact,direct,NASBO FY20 Summary of Proposed & Enacted Budgets (nasbo.org),"Backfilled from the NASBO FY2020 enacted-budget narrative. Extracted quote: ""signed bills making up the state’s fiscal 2020 budget into l..."""
Utah,FY2021,2020-07-01,Jul 1,2020-03-31,-92,yes,exact,direct,NASBO Summaries of Fiscal Year 2021 Proposed & Enacted Budgets (nasbo.org),"Backfilled from the NASBO FY2021 enacted-budget narrative. Extracted quote: ""signed bills making up the state’s fiscal 2021 budget into l..."""
Utah,FY2022,2021-07-01,Jul 1,2021-03-25,-98,yes,exact,direct,NASBO Fiscal 2022 Proposed & Enacted Budgets Summary (nasbo.org),"Backfilled from the NASBO FY2022 enacted-budget narrative. Extracted quote: ""signed the final bills making up the state’s fiscal 2022 bud..."""
Utah,FY2023,2022-07-01,Jul 1,2022-03-04,-119,yes,month-level estimate,direct,le.utah.gov; thecentersquare.com,"Utah enacts a base budget early in session (signed Feb 2022) then final appropriations at adjournment; the 2022 general session ended Mar 4, 2022. Anchored to sine die."
Utah,FY2024,2023-07-01,Jul 1,2023-03-03,-120,yes,month-level estimate,direct,le.utah.gov 2023 General Session,"The 2023 general session adjourned Mar 3, 2023. Anchored to sine die, consistent with Utah's other years."
Utah,FY2025,2024-07-01,Jul 1,2024-03-07,-116,yes,exact,direct,budget.utah.gov; utah legislature,45-day session ended Mar 7 2024; Cox signed shortly after
Utah,FY2026,2025-07-01,Jul 1,2025-03-07,-116,yes,exact,direct,budget.utah.gov; NASBO FY2026 Enacted,$30.8B; 45-day session adjourned Mar 7 2025
Utah,FY2027,2026-07-01,Jul 1,2026-03-06,-117,yes,exact,direct,le.utah.gov,45-day session adjourned sine die Mar 6 2026; $31.6B budget; Cox signed shortly after per established pattern
Vermont,FY2015,2014-07-01,Jul 1,2014-06-11,-20,yes,exact,direct,NASBO Summaries of Fiscal Year 2015 Proposed & Enacted Budgets (nasbo.org),"Backfilled from the NASBO FY2015 enacted-budget narrative. Extracted quote: ""On June 11, Vermont Governor Peter Shumlin signed..."""
Vermont,FY2016,2015-07-01,Jul 1,2015-06-11,-20,yes,exact,direct,NASBO Summaries of FY16 Proposed & Enacted Budgets (nasbo.org),"Backfilled from the NASBO FY2016 enacted-budget narrative. Extracted quote: ""On June 11, Vermont Governor Peter Shumlin signed..."""
Vermont,FY2017,2016-07-01,Jul 1,2016-06-08,-23,yes,exact,direct,vermontbiz.com 2016-06-08,"Shumlin signed his sixth balanced budget, $5.8B for FY2017, on Jun 8, 2016."
Vermont,FY2018,2017-07-01,Jul 1,2017-06-29,-2,yes,exact,direct,NASBO Summaries of FY Proposed & Enacted Budgets (nasbo.org),"Scott signed the $5.8B FY2018 budget Jun 29, 2017."
Vermont,FY2019,2018-07-01,Jul 1,2018-07-01,0,yes,exact,direct,NASBO Summaries of FY19 Proposed & Enacted Budgets (nasbo.org),"Backfilled from the NASBO FY2019 enacted-budget narrative. Extracted quote: ""allowed the legislature's final budget to become law without..."""
Vermont,FY2020,2019-07-01,Jul 1,2019-06-18,-13,yes,exact,direct,NASBO Summaries of FY Proposed & Enacted Budgets (nasbo.org),"Scott signed the $6.1B FY2020 budget Jun 18, 2019."
Vermont,FY2021,2020-07-01,Jul 1,2020-06-30,-1,yes,exact,direct,NASBO Summaries of Fiscal Year 2021 Proposed & Enacted Budgets (nasbo.org),"Backfilled from the NASBO FY2021 enacted-budget narrative. Extracted quote: ""signed a budget for the first quarter of fiscal 2021 on June..."""
Vermont,FY2022,2021-07-01,Jul 1,2021-06-08,-23,yes,exact,direct,NASBO Fiscal 2022 Proposed & Enacted Budgets Summary (nasbo.org),"Scott signed the $7.35B FY2022 budget Jun 8, 2021."
Vermont,FY2023,2022-07-01,Jul 1,2022-06-09,-22,yes,exact,direct,NASBO Summaries of Fiscal Year 2023 Enacted Budgets (nasbo.org),Scott signed the $8.1B budget.
Vermont,FY2024,2023-07-01,Jul 1,2023-06-20,-11,yes,exact,direct,NASBO FY2024 Enacted Budget Summaries (nasbo.org),Scott vetoed May 27; legislature overrode the veto and enacted the budget Jun 20
Vermont,FY2025,2024-07-01,Jul 1,2024-05-23,-39,yes,exact,direct,NASBO FY2025 Enacted Budget Summaries (nasbo.org),Scott signed
Vermont,FY2026,2025-07-01,Jul 1,2025-05-21,-41,yes,exact,direct,vtdigger.org; mychamplainvalley.com,"Was May 15 estimate. Scott signed May 21. Divided govt (R gov, D supermajority) — Scott praised Dems for trimming spending to avoid veto."
Vermont,FY2027,2026-07-01,Jul 1,2026-06-16,-15,yes,exact,direct,governor.vermont.gov,"Scott signed H.951, ~$9.4B FY2027 budget"
Virginia,FY2015,2014-07-01,Jul 1,2014-06-23,-8,yes,exact,direct,washingtonpost.com; budget.lis.virginia.gov 2014 Special Session I Ch.2,"The 2014 regular session adjourned with no budget amid a Medicaid-expansion standoff. McAuliffe called an open-ended special session; he signed the two-year $96B budget with line-item vetoes and the legislature completed action Jun 23, 2014, averting a shutdown."
Virginia,FY2016,2015-07-01,Jul 1,2015-03-26,-97,yes,exact,direct,NASBO Summaries of FY16 Proposed & Enacted Budgets (nasbo.org),"Backfilled from the NASBO FY2016 enacted-budget narrative. Extracted quote: ""On March 26, Virginia Governor Terry McAuliffe signed..."""
Virginia,FY2017,2016-07-01,Jul 1,2016-05-20,-42,yes,exact,direct,NASBO Summaries of FY17 Proposed & Enacted Budgets (nasbo.org),"McAuliffe signed the FY2016-2018 biennial budget May 20, 2016 ($51.8B in FY2017)."
Virginia,FY2018,2017-07-01,Jul 1,2017-04-28,-64,yes,exact,direct,NASBO FY18 Proposed & Enacted Budget Summaries (nasbo.org),"Backfilled from the NASBO FY2018 enacted-budget narrative. Extracted quote: ""On April 28, Virginia Governor Terry McAuliffe signed..."""
Virginia,FY2019,2018-07-01,Jul 1,2018-06-07,-24,yes,exact,direct,NASBO Summaries of FY19 Proposed & Enacted Budgets (nasbo.org),"Backfilled from the NASBO FY2019 enacted-budget narrative. Extracted quote: ""On June 7, Virginia Governor Ralph Northam signed..."""
Virginia,FY2020,2019-07-01,Jul 1,2019-05-02,-60,yes,exact,direct,NASBO FY20 Summary of Proposed & Enacted Budgets (nasbo.org),"Backfilled from the NASBO FY2020 enacted-budget narrative. Extracted quote: ""On May 2, Virginia Governor Ralph Northam signed..."""
Virginia,FY2021,2020-07-01,Jul 1,2020-05-21,-41,yes,exact,direct,NASBO Summaries of Fiscal Year 2021 Proposed & Enacted Budgets (nasbo.org),"Backfilled from the NASBO FY2021 enacted-budget narrative. Extracted quote: ""On May 21, Virginia Governor Ralph Northam signed..."""
Virginia,FY2022,2021-07-01,Jul 1,2021-04-15,-77,yes,month-level estimate,direct,NASBO Fiscal 2022 Proposed & Enacted Budgets Summary (nasbo.org),Virginia finalized FY2021-22 budget adjustments in April 2021; NASBO gives the month only.
Virginia,FY2023,2022-07-01,Jul 1,2022-06-21,-10,yes,exact,direct,washingtonpost.com; virginiamercury.com,"Youngkin signed the $165B FY2023-24 biennial budget Jun 21, 2022, including ~$4B in tax cuts."
Virginia,FY2024,2023-07-01,Jul 1,2023-09-14,75,yes,exact,direct,NASBO FY2024 Enacted Budget Summaries (nasbo.org),Skinny budget; amendments signed Sep 14 in special session (date corrected via NASBO FY2024 Enacted Budget Summaries)
Virginia,FY2025,2024-07-01,Jul 1,2024-05-13,-49,yes,exact,direct,vpm.org; wric.com,Biennial FY25-26; signed in special session
Virginia,FY2026,2025-07-01,Jul 1,2024-05-13,-414,yes,exact,biennial carryover,vpm.org; wric.com,Biennial FY25-26 carryover of the FY2025 enactment (signed 2024-05-13); 2025 session made amendments but base budget was the May 2024 signing
Virginia,FY2027,2026-07-01,Jul 1,2026-06-29,-2,yes,exact,direct,vpm.org; virginiaindependentnews.com,Biennial FY27-28 ($205B); Spanberger signed after General Assembly accepted her amendments in reconvened special session
Washington,FY2015,2014-07-01,Jul 1,2014-06-20,-11,yes,exact,direct,NASBO Summaries of Fiscal Year 2015 Proposed & Enacted Budgets (nasbo.org),"Backfilled from the NASBO FY2015 enacted-budget narrative. Extracted quote: ""On June 20, Virginia Terry McAuliffe signed..."""
Washington,FY2016,2015-07-01,Jul 1,2015-06-30,-1,yes,exact,direct,NASBO Summaries of FY16 Proposed & Enacted Budgets (nasbo.org),"Backfilled from the NASBO FY2016 enacted-budget narrative. Extracted quote: ""signed the state’s new two-year budget for fiscal 2016-2017..."""
Washington,FY2017,2016-07-01,Jul 1,2016-04-18,-74,yes,exact,direct,NASBO Summaries of FY17 Proposed & Enacted Budgets (nasbo.org),"Backfilled from the NASBO FY2017 enacted narrative (recovered via PyMuPDF; pypdf could not read this file). Quote: ""signed the state’s supplemental budget on April 18..."""
Washington,FY2018,2017-07-01,Jul 1,2017-06-30,-1,yes,exact,direct,NASBO FY18 Proposed & Enacted Budget Summaries (nasbo.org),"Backfilled from the NASBO FY2018 enacted-budget narrative. Extracted quote: ""signed the state’s operating budget for the fiscal 2018-2019..."""
Washington,FY2019,2018-07-01,Jul 1,2018-03-27,-96,yes,exact,direct,NASBO Summaries of FY19 Proposed & Enacted Budgets (nasbo.org),"Backfilled from the NASBO FY2019 enacted-budget narrative. Extracted quote: ""On March 27, Governor Jay Inslee signed..."""
Washington,FY2020,2019-07-01,Jul 1,2019-05-21,-41,yes,exact,direct,NASBO FY20 Summary of Proposed & Enacted Budgets (nasbo.org),"Backfilled from the NASBO FY2020 enacted-budget narrative. Extracted quote: ""signed the state’s budget for fiscal 2020 and fiscal 2021 in..."""
Washington,FY2021,2020-07-01,Jul 1,2020-04-03,-89,yes,exact,direct,NASBO Summaries of Fiscal Year 2021 Proposed & Enacted Budgets (nasbo.org),"Backfilled from the NASBO FY2021 enacted-budget narrative. Extracted quote: ""signed the state’s supplemental budget, with partial vetoes,..."""
Washington,FY2022,2021-07-01,Jul 1,2021-05-18,-44,yes,exact,direct,NASBO Fiscal 2022 Proposed & Enacted Budgets Summary (nasbo.org),"Backfilled from the NASBO FY2022 enacted-budget narrative. Extracted quote: ""signed the state’s biennial budget for fiscal 2022 and fisca..."""
Washington,FY2023,2022-07-01,Jul 1,2022-03-31,-92,yes,exact,direct,NASBO Summaries of Fiscal Year 2023 Enacted Budgets (nasbo.org),Inslee signed the supplemental budget to the FY22-23 biennium with partial vetoes.
Washington,FY2024,2023-07-01,Jul 1,2023-05-16,-46,yes,exact,direct,NASBO FY2024 Enacted Budget Summaries (nasbo.org),Biennial FY24-25; Inslee signed with limited line-item vetoes
Washington,FY2025,2024-07-01,Jul 1,2024-03-29,-94,yes,exact,direct,NASBO FY2025 Enacted Budget Summaries (nasbo.org),"Biennial FY24-25; Inslee signed supplemental budget to 2023-enacted budget, with partial vetoes"
Washington,FY2026,2025-07-01,Jul 1,2025-05-20,-42,yes,exact,direct,uw.edu/staterelations; ofm.wa.gov,Biennial 2025-27; $77.8B; Ferguson's first
Washington,FY2027,2026-07-01,Jul 1,2026-03-12,-111,yes,month-level estimate,direct,governor.wa.gov 2026 'Ferguson signs supplemental budgets'; king5.com,"NOT a carryover: Legislature passed the $80.2B supplemental operating budget Thu Mar 12, 2026; Ferguson signed it the following week. Anchored to passage date — exact signing day not yet confirmed."
West Virginia,FY2015,2014-07-01,Jul 1,2014-03-19,-104,yes,exact,direct,washingtontimes.com; ballotpedia,"Tomblin signed the FY2015 budget Mar 19, 2014, tapping reserves to close the gap."
West Virginia,FY2016,2015-07-01,Jul 1,2015-03-24,-99,yes,exact,direct,NASBO Summaries of FY16 Proposed & Enacted Budgets (nasbo.org),"Backfilled from the NASBO FY2016 enacted-budget narrative. Extracted quote: ""On March 24, West Virginia Governor Earl Ray Tomblin signed..."""
West Virginia,FY2017,2016-07-01,Jul 1,2016-06-17,-14,yes,exact,direct,NASBO Summaries of FY17 Proposed & Enacted Budgets (nasbo.org),"Tomblin approved the $4.2B FY2017 budget Jun 17, 2016 after seven vetoes, closing the gap partly with new tobacco tax revenue."
West Virginia,FY2018,2017-07-01,Jul 1,2017-06-15,-16,yes,month-level estimate,direct,NASBO Summaries of FY Proposed & Enacted Budgets (nasbo.org),The legislature finalized a $4.225B FY2018 budget in June 2017 and Justice let it become law WITHOUT his signature; NASBO gives the month only.
West Virginia,FY2019,2018-07-01,Jul 1,2018-03-15,-108,yes,exact,direct,NASBO Summaries of FY Proposed & Enacted Budgets (nasbo.org),"Justice signed the $4.38B FY2019 budget Mar 15, 2018, the day after the legislature passed it on the session's final day."
West Virginia,FY2020,2019-07-01,Jul 1,2019-03-14,-109,yes,exact,direct,NASBO FY20 Summary of Proposed & Enacted Budgets (nasbo.org),"Backfilled from the NASBO FY2020 enacted-budget narrative. Extracted quote: ""signed the fiscal 2020 budget on March 14..."""
West Virginia,FY2021,2020-07-01,Jul 1,2020-03-07,-116,yes,exact,direct,NASBO Summaries of FY Proposed & Enacted Budgets (nasbo.org),"Justice signed the $4.58B FY2021 general fund budget Mar 7, 2020 — a $61.4M decrease from FY2020."
West Virginia,FY2022,2021-07-01,Jul 1,2021-04-15,-77,yes,exact,direct,NASBO Fiscal 2022 Proposed & Enacted Budgets Summary (nasbo.org),"Backfilled from the NASBO FY2022 enacted-budget narrative. Extracted quote: ""signed the state’s fiscal 2022 budget bill on April 15..."""
West Virginia,FY2023,2022-07-01,Jul 1,2022-03-18,-105,yes,exact,direct,NASBO Summaries of Fiscal Year 2023 Enacted Budgets (nasbo.org),Justice signed following one line-item veto; $4.64B General Revenue.
West Virginia,FY2024,2023-07-01,Jul 1,2023-03-17,-106,yes,exact,direct,NASBO FY2024 Enacted Budget Summaries (nasbo.org),Justice signed
West Virginia,FY2025,2024-07-01,Jul 1,2024-03-14,-109,yes,exact,direct,NASBO FY2025 Enacted Budget Summaries (nasbo.org),Justice signed with three objections
West Virginia,FY2026,2025-07-01,Jul 1,2025-04-17,-75,yes,exact,direct,governor.wv.gov; wsaz.com; wvpublic.org,Was March 15 estimate (-108d). Actually April 17 (-75d). Morrisey inherited $400M deficit from Justice. Sweeping line-item vetoes including children's services.
West Virginia,FY2027,2026-07-01,Jul 1,2026-03-13,-110,yes,exact,direct,herald-dispatch.com; wvgazettemail.com; westvirginiawatch.com,"Morrisey signed $5.5B FY2027 budget, used line-item veto again; legislature sent it early as an override strategy"
Wisconsin,FY2015,2014-07-01,Jul 1,2013-06-30,-366,yes,exact,biennial carryover,fox6now.com; docs.legis.wisconsin.gov (2013 Act 20),"Second year of the 2013-15 biennium. Walker signed 2013 Wisconsin Act 20 on Jun 30, 2013."
Wisconsin,FY2016,2015-07-01,Jul 1,2015-07-12,11,yes,exact,direct,NASBO Summaries of FY16 Proposed & Enacted Budgets (nasbo.org),"Backfilled from the NASBO FY2016 enacted-budget narrative. Extracted quote: ""signed the state’s new biennium budget on July 12..."""
Wisconsin,FY2017,2016-07-01,Jul 1,2015-07-12,-355,yes,exact,biennial carryover,NASBO Summaries of FY16 Proposed & Enacted Budgets (nasbo.org),Second year of the biennium enacted with FY2016 (signed 2015-07-12). Odd-year-session state: no separate FY2017 enactment.
Wisconsin,FY2018,2017-07-01,Jul 1,2017-09-21,82,yes,exact,direct,docs.legis.wisconsin.gov 2017 Act 59; etf.wi.gov,"Walker signed the 2017-19 biennial budget (2017 Wisconsin Act 59) Sep 21, 2017 — 82 days into the fiscal year, among Wisconsin's latest budgets on record."
Wisconsin,FY2019,2018-07-01,Jul 1,2017-09-21,-283,yes,exact,biennial carryover,docs.legis.wisconsin.gov 2017 Act 59,"Second year of the 2017-19 biennium, enacted Sep 21, 2017 (Act 59)."
Wisconsin,FY2020,2019-07-01,Jul 1,2019-07-03,2,yes,exact,direct,NASBO FY20 Summary of Proposed & Enacted Budgets (nasbo.org),"Backfilled from the NASBO FY2020 enacted-budget narrative. Extracted quote: ""On July 3, Wisconsin Governor Tony Evers signed..."""
Wisconsin,FY2021,2020-07-01,Jul 1,2019-07-03,-364,yes,exact,biennial carryover,NASBO FY20 Summary of Proposed & Enacted Budgets (nasbo.org),Second year of the biennium enacted with FY2020 (signed 2019-07-03). NASBO's FY2021 edition states this state enacted a two-year budget and took no separate FY2021 action.
Wisconsin,FY2022,2021-07-01,Jul 1,2021-07-08,7,yes,exact,direct,NASBO Fiscal 2022 Proposed & Enacted Budgets Summary (nasbo.org),"Backfilled from the NASBO FY2022 enacted-budget narrative. Extracted quote: ""On July 8, Wisconsin Governor Tony Evers signed..."""
Wisconsin,FY2023,2022-07-01,Jul 1,2021-07-08,-358,yes,exact,biennial carryover,NASBO Fiscal 2022 Proposed & Enacted Budgets Summary (nasbo.org),Second year of the biennium enacted with FY2022 (signed 2021-07-08). NASBO's FY2023 edition states this state enacted a two-year budget and took no separate FY2023 action.
Wisconsin,FY2024,2023-07-01,Jul 1,2023-07-05,4,yes,exact,direct,fox6now.com,Biennial 2023-25; Evers signed with 50+ partial vetoes
Wisconsin,FY2025,2024-07-01,Jul 1,2023-07-05,-362,yes,exact,biennial carryover,fox6now.com,Second year of the biennium enacted with FY2024 (signed 2023-07-05). Odd-year-session state: no separate FY2025 enactment.
Wisconsin,FY2026,2025-07-01,Jul 1,2025-07-03,2,yes,exact,direct,wisconsinexaminer.com,Biennial 2025-27; signed at 1:32 AM
Wisconsin,FY2027,2026-07-01,Jul 1,2025-07-03,-363,yes,exact,biennial carryover,wisconsinexaminer.com,"Biennial 2025-27; signed at 1:32 AM (biennial carryover of the FY2026 enactment, signed 2025-07-03). VERIFIED: 2025-27 biennial act (signed Jul 3, 2025) remains the FY2027 appropriations authority. A ~$1.8B surplus/tax-cut deal was struck in 2026 but is separate legislation, not a budget re-enactment."
Wyoming,FY2015,2014-07-01,Jul 1,2014-03-05,-118,yes,exact,direct,ballotpedia historical Wyoming budget,"Mead signed the $3.3B FY2015-16 biennial budget Mar 5, 2014."
Wyoming,FY2016,2015-07-01,Jul 1,2015-03-04,-119,yes,exact,direct,NASBO Summaries of FY16 Proposed & Enacted Budgets (nasbo.org),"Backfilled from the NASBO FY2016 enacted-budget narrative. Extracted quote: ""On March 4, Wyoming Governor Matt Mead signed..."""
Wyoming,FY2017,2016-07-01,Jul 1,2016-03-03,-120,yes,exact,direct,NASBO Summaries of FY17 Proposed & Enacted Budgets (nasbo.org),"Mead signed the FY2017-2018 biennial budget Mar 3, 2016 with line-item vetoes; ~$3B general fund for the biennium."
Wyoming,FY2018,2017-07-01,Jul 1,2017-03-02,-121,yes,exact,direct,NASBO FY18 Proposed & Enacted Budget Summaries (nasbo.org),"Backfilled from the NASBO FY2018 enacted-budget narrative. Extracted quote: ""signed into law the state’s supplemental budget for fiscal 2..."""
Wyoming,FY2019,2018-07-01,Jul 1,2018-03-14,-109,yes,exact,direct,NASBO Summaries of FY19 Proposed & Enacted Budgets (nasbo.org),"Backfilled from the NASBO FY2019 enacted-budget narrative. Extracted quote: ""signed into law the state’s primary budget bill for fiscal 2..."""
Wyoming,FY2020,2019-07-01,Jul 1,2019-02-26,-125,yes,exact,direct,NASBO FY20 Summary of Proposed & Enacted Budgets (nasbo.org),"Backfilled from the NASBO FY2020 enacted-budget narrative. Extracted quote: ""signed a supplemental budget for the biennium into law on Fe..."""
Wyoming,FY2021,2020-07-01,Jul 1,2020-03-12,-111,yes,exact,direct,NASBO Summaries of Fiscal Year 2021 Proposed & Enacted Budgets (nasbo.org),"Backfilled from the NASBO FY2021 enacted-budget narrative. Extracted quote: ""signed the state’s budget bill for fiscal 2021- 2022 on Marc..."""
Wyoming,FY2022,2021-07-01,Jul 1,2021-04-01,-91,yes,exact,direct,NASBO Fiscal 2022 Proposed & Enacted Budgets Summary (nasbo.org),"Backfilled from the NASBO FY2022 enacted-budget narrative. Extracted quote: ""signed a supplemental budget for the biennium into law on Ap..."""
Wyoming,FY2023,2022-07-01,Jul 1,2022-03-10,-113,yes,exact,direct,NASBO Summaries of Fiscal Year 2023 Enacted Budgets (nasbo.org),Gordon signed the FY2023-24 biennial budget with line-item vetoes; $9.7B all funds.
Wyoming,FY2024,2023-07-01,Jul 1,2023-02-24,-127,yes,exact,direct,NASBO FY2024 Enacted Budget Summaries (nasbo.org),Biennial FY23-24 (enacted 2022 session); Gordon signed a supplemental budget for the biennium
Wyoming,FY2025,2024-07-01,Jul 1,2024-03-22,-101,yes,exact,direct,NASBO FY2025 Enacted Budget Summaries (nasbo.org),Biennial FY25-26; Gordon signed with line-item vetoes
Wyoming,FY2026,2025-07-01,Jul 1,2024-03-22,-466,yes,exact,biennial carryover,NASBO FY2025 Enacted Budget Summaries (nasbo.org); wyofile.com,Biennial 2025-26; enacted March 2024 (date corrected via NASBO FY2025 Enacted Budget Summaries); carryover budget
Wyoming,FY2027,2026-07-01,Jul 1,2026-03-05,-118,yes,exact,direct,wyofile.com,"Biennial FY27-28 ($10.10B all funds); Gordon signed with 24 line-item vetoes; Freedom Caucus tried to defund state agencies, some vetoes later overridden"
